donor_id,recency,frequency,monetary,r_score,f_score,m_score,rfm_score,segment,ltv_score
D00001,124,3,109.8,4,1,1,6,New Donor,40.0
D00002,453,4,1120.6,2,2,2,6,Lapsed,40.0
D00003,225,5,12850.6,3,3,4,10,Loyal Donor,66.7
D00004,460,9,4105.5,2,5,4,11,At Risk,73.3
D00005,28,5,580.8,5,3,2,10,Loyal Donor,66.7
D00006,941,4,343.2,1,2,1,4,Lapsed,26.7
D00007,213,6,2283.75,3,4,3,10,Loyal Donor,66.7
D00008,54,8,170.0,5,5,1,11,Loyal Donor,73.3
D00009,95,5,1625.0,4,3,3,10,Loyal Donor,66.7
D00010,1145,3,106860.0,1,1,5,7,Lapsed,46.7
D00011,194,5,6786.0,3,3,4,10,Loyal Donor,66.7
D00012,228,5,517860.0,3,3,5,11,Loyal Donor,73.3
D00013,208,3,391950.0,3,1,5,9,Promising,60.0
D00014,775,4,390.15,1,2,1,4,Lapsed,26.7
D00015,1339,2,64890.0,1,1,4,6,Lapsed,40.0
D00016,133,4,3515.05,4,2,3,9,New Donor,60.0
D00017,136,5,82.1,4,3,1,8,Loyal Donor,53.3
D00018,419,2,13750.0,2,1,4,7,Lapsed,46.7
D00019,73,7,198.0,5,5,1,11,Loyal Donor,73.3
D00020,464,4,302.0,2,2,1,5,Lapsed,33.3
D00021,451,4,551.25,2,2,2,6,Lapsed,40.0
D00022,394,4,241.2,2,2,1,5,Lapsed,33.3
D00023,262,5,1558710.0,3,3,5,11,Loyal Donor,73.3
D00024,181,4,41000.0,3,2,4,9,Potential Loyalist,60.0
D00025,547,3,1500.0,1,1,3,5,Lapsed,33.3
D00026,66,3,194.6,5,1,1,7,New Donor,46.7
D00027,1419,1,7600.0,1,1,4,6,Lapsed,40.0
D00028,124,3,1795.2,4,1,3,8,New Donor,53.3
D00029,87,1,358.0,5,1,1,7,New Donor,46.7
D00030,1598,2,20.0,1,1,1,3,Lapsed,20.0
D00031,199,5,1417.4,3,3,3,9,Loyal Donor,60.0
D00032,1140,5,387.5,1,3,1,5,At Risk,33.3
D00033,141,4,413.25,4,2,1,7,New Donor,46.7
D00034,94,1,50.7,5,1,1,7,New Donor,46.7
D00035,92,9,1778.7,5,5,3,13,Loyal Donor,86.7
D00036,528,2,398.4,2,1,1,4,Lapsed,26.7
D00037,79,5,3367.2,5,3,3,11,Loyal Donor,73.3
D00038,105,9,2991.15,4,5,3,12,Loyal Donor,80.0
D00039,111,4,377300.0,4,2,5,11,New Donor,73.3
D00040,767,2,3099.2,1,1,3,5,Lapsed,33.3
D00041,85,8,3306.2,5,5,3,13,Loyal Donor,86.7
D00042,391,4,4144.95,2,2,4,8,Lapsed,53.3
D00043,52,10,600.0,5,5,2,12,Loyal Donor,80.0
D00044,51,6,2354.6,5,4,3,12,Loyal Donor,80.0
D00045,153,7,100280.0,4,5,4,13,Champion,86.7
D00046,196,5,1244.5,3,3,3,9,Loyal Donor,60.0
D00047,146,6,358.05,4,4,1,9,Loyal Donor,60.0
D00048,88,4,1006.2,5,2,2,9,New Donor,60.0
D00049,85,7,501.25,5,5,2,12,Loyal Donor,80.0
D00050,993,5,772.8,1,3,2,6,At Risk,40.0
D00051,391,3,606480.0,2,1,5,8,Lapsed,53.3
D00052,708,3,1209.8,1,1,3,5,Lapsed,33.3
D00053,888,2,153.0,1,1,1,3,Lapsed,20.0
D00054,213,7,629.85,3,5,2,10,Loyal Donor,66.7
D00055,186,7,648.2,3,5,2,10,Loyal Donor,66.7
D00056,441,4,146250.0,2,2,5,9,Lapsed,60.0
D00057,150,4,72580.0,4,2,4,10,New Donor,66.7
D00058,226,5,15950.0,3,3,4,10,Loyal Donor,66.7
D00059,286,4,298500.0,2,2,5,9,Lapsed,60.0
D00060,433,4,334880.0,2,2,5,9,Lapsed,60.0
D00061,101,8,1557.6,4,5,3,12,Loyal Donor,80.0
D00062,188,8,3569.7,3,5,3,11,Loyal Donor,73.3
D00063,175,6,265000.0,4,4,5,13,Champion,86.7
D00064,315,1,51.0,2,1,1,4,Lapsed,26.7
D00065,1423,2,2730.0,1,1,3,5,Lapsed,33.3
D00066,100,8,4650.8,4,5,4,13,Champion,86.7
D00067,198,3,25920.0,3,1,4,8,Promising,53.3
D00068,225,8,143820.0,3,5,5,13,Loyal Donor,86.7
D00069,991,1,208.0,1,1,1,3,Lapsed,20.0
D00070,63,3,114.5,5,1,1,7,New Donor,46.7
D00071,792,2,60.5,1,1,1,3,Lapsed,20.0
D00072,226,1,42.6,3,1,1,5,Promising,33.3
D00073,43,5,850000.0,5,3,5,13,Loyal Donor,86.7
D00074,462,5,1350.5,2,3,3,8,At Risk,53.3
D00075,787,3,7314.0,1,1,4,6,Lapsed,40.0
D00076,109,5,3797.6,4,3,3,10,Loyal Donor,66.7
D00077,147,4,205840.0,4,2,5,11,New Donor,73.3
D00078,467,6,141764.0,2,4,5,11,At Risk,73.3
D00079,97,2,1911.0,4,1,3,8,New Donor,53.3
D00080,149,6,708500.0,4,4,5,13,Champion,86.7
D00081,61,8,187450.0,5,5,5,15,Champion,100.0
D00082,99,7,405920.0,4,5,5,14,Champion,93.3
D00083,825,3,149200.0,1,1,5,7,Lapsed,46.7
D00084,175,8,2022.5,4,5,3,12,Loyal Donor,80.0
D00085,88,4,80143.0,5,2,4,11,New Donor,73.3
D00086,153,7,118580.0,4,5,5,14,Champion,93.3
D00087,82,4,2387.2,5,2,3,10,New Donor,66.7
D00088,841,6,282870.0,1,4,5,10,At Risk,66.7
D00089,181,6,640.05,3,4,2,9,Loyal Donor,60.0
D00090,71,5,2813.0,5,3,3,11,Loyal Donor,73.3
D00091,61,5,91881.0,5,3,4,12,Loyal Donor,80.0
D00092,1317,1,3500.0,1,1,3,5,Lapsed,33.3
D00093,182,7,298080.0,3,5,5,13,Loyal Donor,86.7
D00094,455,5,1159.4,2,3,3,8,At Risk,53.3
D00095,177,12,2515.85,4,5,3,12,Loyal Donor,80.0
D00096,1247,2,79.25,1,1,1,3,Lapsed,20.0
D00097,35,4,2926.65,5,2,3,10,New Donor,66.7
D00098,180,6,3241.05,3,4,3,10,Loyal Donor,66.7
D00099,837,2,124.0,1,1,1,3,Lapsed,20.0
D00100,76,3,109.75,5,1,1,7,New Donor,46.7
D00101,1391,1,34.65,1,1,1,3,Lapsed,20.0
D00102,164,7,24288.0,4,5,4,13,Champion,86.7
D00103,301,3,54470.0,2,1,4,7,Lapsed,46.7
D00104,455,4,577.1,2,2,2,6,Lapsed,40.0
D00105,195,4,714260.0,3,2,5,10,Potential Loyalist,66.7
D00106,146,3,1653.75,4,1,3,8,New Donor,53.3
D00107,157,7,808450.0,4,5,5,14,Champion,93.3
D00108,193,7,1379.4,3,5,3,11,Loyal Donor,73.3
D00109,225,2,189.6,3,1,1,5,Promising,33.3
D00110,514,5,458.75,2,3,2,7,At Risk,46.7
D00111,732,5,294.8,1,3,1,5,At Risk,33.3
D00112,547,3,93784.0,1,1,4,6,Lapsed,40.0
D00113,175,5,137340.0,4,3,5,12,Loyal Donor,80.0
D00114,180,5,591.6,3,3,2,8,Loyal Donor,53.3
D00115,269,8,1318800.0,2,5,5,12,At Risk,80.0
D00116,512,2,376.0,2,1,1,4,Lapsed,26.7
D00117,46,2,361.5,5,1,1,7,New Donor,46.7
D00118,743,5,3302.4,1,3,3,7,At Risk,46.7
D00119,702,8,1242.5,1,5,3,9,At Risk,60.0
D00120,711,4,5500.0,1,2,4,7,Lapsed,46.7
D00121,688,3,172.15,1,1,1,3,Lapsed,20.0
D00122,1317,1,10.0,1,1,1,3,Lapsed,20.0
D00123,192,4,30400.0,3,2,4,9,Potential Loyalist,60.0
D00124,821,4,259.2,1,2,1,4,Lapsed,26.7
D00125,171,3,3619.9,4,1,3,8,New Donor,53.3
D00126,24,5,9664.0,5,3,4,12,Loyal Donor,80.0
D00127,188,4,778.5,3,2,2,7,Promising,46.7
D00128,207,6,422000.0,3,4,5,12,Loyal Donor,80.0
D00129,532,4,16092.0,2,2,4,8,Lapsed,53.3
D00130,75,7,946950.0,5,5,5,15,Champion,100.0
D00131,192,5,1606.8,3,3,3,9,Loyal Donor,60.0
D00132,71,4,616.95,5,2,2,9,New Donor,60.0
D00133,200,8,2005.85,3,5,3,11,Loyal Donor,73.3
D00134,201,8,736.1,3,5,2,10,Loyal Donor,66.7
D00135,45,6,579.0,5,4,2,11,Loyal Donor,73.3
D00136,213,7,955.5,3,5,2,10,Loyal Donor,66.7
D00137,55,2,20.0,5,1,1,7,New Donor,46.7
D00139,468,4,548.4,2,2,2,6,Lapsed,40.0
D00140,390,8,183705.0,2,5,5,12,At Risk,80.0
D00141,92,4,308.2,5,2,1,8,New Donor,53.3
D00142,59,8,1850880.0,5,5,5,15,Champion,100.0
D00143,692,3,715.5,1,1,2,4,Lapsed,26.7
D00144,514,5,256.2,2,3,1,6,At Risk,40.0
D00145,889,2,408.8,1,1,1,3,Lapsed,20.0
D00146,407,5,513.0,2,3,2,7,At Risk,46.7
D00147,35,5,491000.0,5,3,5,13,Loyal Donor,86.7
D00148,35,4,332.35,5,2,1,8,New Donor,53.3
D00149,54,7,11247.6,5,5,4,14,Champion,93.3
D00150,772,2,613.6,1,1,2,4,Lapsed,26.7
D00151,198,3,310.75,3,1,1,5,Promising,33.3
D00152,164,2,30910.0,4,1,4,9,New Donor,60.0
D00153,165,2,87.75,4,1,1,6,New Donor,40.0
D00154,33,7,65072.0,5,5,4,14,Champion,93.3
D00155,99,5,356.25,4,3,1,8,Loyal Donor,53.3
D00156,294,4,150.15,2,2,1,5,Lapsed,33.3
D00157,537,2,405.3,1,1,1,3,Lapsed,20.0
D00158,47,6,44376.0,5,4,4,13,Champion,86.7
D00159,477,7,273480.0,2,5,5,12,At Risk,80.0
D00160,145,6,1504.8,4,4,3,11,Loyal Donor,73.3
D00161,63,6,41184.0,5,4,4,13,Champion,86.7
D00162,179,1,490.0,3,1,2,6,Promising,40.0
D00163,208,7,3123.9,3,5,3,11,Loyal Donor,73.3
D00164,52,6,1114.35,5,4,2,11,Loyal Donor,73.3
D00165,1133,1,114.0,1,1,1,3,Lapsed,20.0
D00166,186,6,1037.4,3,4,2,9,Loyal Donor,60.0
D00167,770,6,327360.0,1,4,5,10,At Risk,66.7
D00168,135,4,1032750.0,4,2,5,11,New Donor,73.3
D00169,290,7,940.7,2,5,2,9,At Risk,60.0
D00170,314,4,269.45,2,2,1,5,Lapsed,33.3
D00171,940,3,564.2,1,1,2,4,Lapsed,26.7
D00172,554,5,591600.0,1,3,5,9,At Risk,60.0
D00173,136,3,75990.0,4,1,4,9,New Donor,60.0
D00174,82,9,162380.0,5,5,5,15,Champion,100.0
D00175,189,6,7147.6,3,4,4,11,Loyal Donor,73.3
D00176,59,9,1092.0,5,5,2,12,Loyal Donor,80.0
D00177,768,5,1844.4,1,3,3,7,At Risk,46.7
D00178,114,6,1355.95,4,4,3,11,Loyal Donor,73.3
D00179,480,5,873.6,2,3,2,7,At Risk,46.7
D00180,69,6,432.0,5,4,1,10,Loyal Donor,66.7
D00181,187,3,168.85,3,1,1,5,Promising,33.3
D00182,93,9,385710.0,5,5,5,15,Champion,100.0
D00183,518,4,50076.0,2,2,4,8,Lapsed,53.3
D00184,182,8,4842.45,3,5,4,12,Loyal Donor,80.0
D00185,134,4,635.95,4,2,2,8,New Donor,53.3
D00186,168,4,895950.0,4,2,5,11,New Donor,73.3
D00187,447,6,1305100.0,2,4,5,11,At Risk,73.3
D00188,122,8,657.8,4,5,2,11,Loyal Donor,73.3
D00189,572,5,92550.0,1,3,4,8,At Risk,53.3
D00190,120,4,227550.0,4,2,5,11,New Donor,73.3
D00191,264,6,1033.2,2,4,2,8,At Risk,53.3
D00192,163,5,2087.8,4,3,3,10,Loyal Donor,66.7
D00193,297,3,193900.0,2,1,5,8,Lapsed,53.3
D00194,184,3,695.1,3,1,2,6,Promising,40.0
D00195,419,3,194.5,2,1,1,4,Lapsed,26.7
D00196,177,3,963.9,4,1,2,7,New Donor,46.7
D00197,220,4,180.0,3,2,1,6,Promising,40.0
D00198,518,6,1022.25,2,4,2,8,At Risk,53.3
D00199,733,5,131456.0,1,3,5,9,At Risk,60.0
D00200,195,2,16280.0,3,1,4,8,Promising,53.3
D00201,450,4,53667.0,2,2,4,8,Lapsed,53.3
D00202,847,5,288200.0,1,3,5,9,At Risk,60.0
D00203,302,3,25048.0,2,1,4,7,Lapsed,46.7
D00204,216,5,1078500.0,3,3,5,11,Loyal Donor,73.3
D00205,78,7,81180.0,5,5,4,14,Champion,93.3
D00206,468,6,838.1,2,4,2,8,At Risk,53.3
D00207,224,6,372380.0,3,4,5,12,Loyal Donor,80.0
D00208,822,1,51.9,1,1,1,3,Lapsed,20.0
D00209,459,5,2576.4,2,3,3,8,At Risk,53.3
D00210,203,4,109340.0,3,2,5,10,Potential Loyalist,66.7
D00211,180,8,4394.0,3,5,4,12,Loyal Donor,80.0
D00212,456,3,999.6,2,1,2,5,Lapsed,33.3
D00213,87,5,287280.0,5,3,5,13,Loyal Donor,86.7
D00214,473,2,208.6,2,1,1,4,Lapsed,26.7
D00215,91,1,10320.0,5,1,4,10,New Donor,66.7
D00216,1351,2,517.3,1,1,2,4,Lapsed,26.7
D00217,182,9,1416.2,3,5,3,11,Loyal Donor,73.3
D00218,183,5,416.65,3,3,1,7,Loyal Donor,46.7
D00219,121,3,985.6,4,1,2,7,New Donor,46.7
D00220,114,6,41160.0,4,4,4,12,Champion,80.0
D00221,104,7,1662.5,4,5,3,12,Loyal Donor,80.0
D00222,958,4,2119.0,1,2,3,6,Lapsed,40.0
D00223,1191,3,300.0,1,1,1,3,Lapsed,20.0
D00224,144,11,219960.0,4,5,5,14,Champion,93.3
D00225,774,3,173.55,1,1,1,3,Lapsed,20.0
D00226,912,4,490560.0,1,2,5,8,Lapsed,53.3
D00227,173,5,50.4,4,3,1,8,Loyal Donor,53.3
D00228,401,4,118035.0,2,2,5,9,Lapsed,60.0
D00229,88,3,318.5,5,1,1,7,New Donor,46.7
D00230,45,8,3017.0,5,5,3,13,Loyal Donor,86.7
D00231,540,3,786.5,1,1,2,4,Lapsed,26.7
D00232,131,7,711600.0,4,5,5,14,Champion,93.3
D00233,470,4,1531.8,2,2,3,7,Lapsed,46.7
D00234,81,7,682.5,5,5,2,12,Loyal Donor,80.0
D00235,566,5,459240.0,1,3,5,9,At Risk,60.0
D00236,560,2,73.7,1,1,1,3,Lapsed,20.0
D00237,926,2,729.0,1,1,2,4,Lapsed,26.7
D00238,266,5,906.0,2,3,2,7,At Risk,46.7
D00239,122,6,293510.0,4,4,5,13,Champion,86.7
D00240,269,5,576150.0,2,3,5,10,At Risk,66.7
D00241,146,8,210124.0,4,5,5,14,Champion,93.3
D00242,69,4,825.0,5,2,2,9,New Donor,60.0
D00243,83,4,128000.0,5,2,5,12,New Donor,80.0
D00244,1119,4,658.8,1,2,2,5,Lapsed,33.3
D00245,455,4,547200.0,2,2,5,9,Lapsed,60.0
D00246,227,4,14375.0,3,2,4,9,Potential Loyalist,60.0
D00247,687,7,3168.25,1,5,3,9,At Risk,60.0
D00248,30,5,20150.0,5,3,4,12,Loyal Donor,80.0
D00249,541,3,183600.0,1,1,5,7,Lapsed,46.7
D00250,134,5,466.2,4,3,2,9,Loyal Donor,60.0
D00251,210,3,3214.4,3,1,3,7,Promising,46.7
D00252,487,5,316080.0,2,3,5,10,At Risk,66.7
D00253,54,6,60.0,5,4,1,10,Loyal Donor,66.7
D00254,465,2,4455.0,2,1,4,7,Lapsed,46.7
D00255,60,6,4554.8,5,4,4,13,Champion,86.7
D00256,25,5,1181.25,5,3,3,11,Loyal Donor,73.3
D00257,198,4,167360.0,3,2,5,10,Potential Loyalist,66.7
D00258,546,4,214.9,1,2,1,4,Lapsed,26.7
D00259,63,6,1719.3,5,4,3,12,Loyal Donor,80.0
D00260,748,4,594.0,1,2,2,5,Lapsed,33.3
D00261,897,5,141426.0,1,3,5,9,At Risk,60.0
D00262,674,4,48720.0,1,2,4,7,Lapsed,46.7
D00263,755,2,13272.0,1,1,4,6,Lapsed,40.0
D00264,149,5,1650.0,4,3,3,10,Loyal Donor,66.7
D00265,79,4,1058.5,5,2,2,9,New Donor,60.0
D00266,206,5,739.1,3,3,2,8,Loyal Donor,53.3
D00267,227,9,392620.0,3,5,5,13,Loyal Donor,86.7
D00268,96,4,65800.0,4,2,4,10,New Donor,66.7
D00269,412,3,391.5,2,1,1,4,Lapsed,26.7
D00270,56,4,614.9,5,2,2,9,New Donor,60.0
D00271,472,3,642.6,2,1,2,5,Lapsed,33.3
D00272,415,3,441.75,2,1,1,4,Lapsed,26.7
D00273,707,4,2945.6,1,2,3,6,Lapsed,40.0
D00274,940,1,108.75,1,1,1,3,Lapsed,20.0
D00275,203,7,806.0,3,5,2,10,Loyal Donor,66.7
D00276,206,5,361.95,3,3,1,7,Loyal Donor,46.7
D00277,962,3,762.0,1,1,2,4,Lapsed,26.7
D00278,1146,2,108.0,1,1,1,3,Lapsed,20.0
D00279,172,5,411.4,4,3,1,8,Loyal Donor,53.3
D00280,103,7,130400.0,4,5,5,14,Champion,93.3
D00281,93,4,608.3,5,2,2,9,New Donor,60.0
D00282,64,6,196020.0,5,4,5,14,Champion,93.3
D00283,177,4,560.25,4,2,2,8,New Donor,53.3
D00284,188,5,363.8,3,3,1,7,Loyal Donor,46.7
D00285,80,7,5989.0,5,5,4,14,Champion,93.3
D00286,141,4,286.65,4,2,1,7,New Donor,46.7
D00287,536,2,34050.0,1,1,4,6,Lapsed,40.0
D00288,454,3,106240.0,2,1,5,8,Lapsed,53.3
D00289,786,4,192.8,1,2,1,4,Lapsed,26.7
D00290,36,5,1503.45,5,3,3,11,Loyal Donor,73.3
D00291,764,7,851000.0,1,5,5,11,At Risk,73.3
D00292,82,9,64436.0,5,5,4,14,Champion,93.3
D00293,169,5,222440.0,4,3,5,12,Loyal Donor,80.0
D00294,280,3,221.25,2,1,1,4,Lapsed,26.7
D00295,59,6,235440.0,5,4,5,14,Champion,93.3
D00296,489,4,195730.0,2,2,5,9,Lapsed,60.0
D00297,66,9,105610.0,5,5,5,15,Champion,100.0
D00298,458,5,412490.0,2,3,5,10,At Risk,66.7
D00299,218,7,138765.0,3,5,5,13,Loyal Donor,86.7
D00300,815,2,130.2,1,1,1,3,Lapsed,20.0
D00301,60,4,889.0,5,2,2,9,New Donor,60.0
D00302,503,3,597.75,2,1,2,5,Lapsed,33.3
D00303,284,3,1354.05,2,1,3,6,Lapsed,40.0
D00304,197,4,1369.55,3,2,3,8,Potential Loyalist,53.3
D00305,24,7,2102.4,5,5,3,13,Loyal Donor,86.7
D00306,1141,3,424800.0,1,1,5,7,Lapsed,46.7
D00307,204,6,83424.0,3,4,4,11,Loyal Donor,73.3
D00308,1338,3,43594.0,1,1,4,6,Lapsed,40.0
D00309,431,1,694000.0,2,1,5,8,Lapsed,53.3
D00310,298,3,1041.6,2,1,2,5,Lapsed,33.3
D00311,131,5,1537.2,4,3,3,10,Loyal Donor,66.7
D00312,771,5,449.0,1,3,1,5,At Risk,33.3
D00313,80,4,538.2,5,2,2,9,New Donor,60.0
D00314,175,4,1286.4,4,2,3,9,New Donor,60.0
D00315,1556,1,28000.0,1,1,4,6,Lapsed,40.0
D00316,62,5,112752.0,5,3,5,13,Loyal Donor,86.7
D00317,275,6,1313.2,2,4,3,9,At Risk,60.0
D00318,34,4,599.2,5,2,2,9,New Donor,60.0
D00319,464,3,393.0,2,1,1,4,Lapsed,26.7
D00320,146,4,805.0,4,2,2,8,New Donor,53.3
D00321,132,9,764.4,4,5,2,11,Loyal Donor,73.3
D00322,173,3,480.2,4,1,2,7,New Donor,46.7
D00323,214,5,1102.95,3,3,2,8,Loyal Donor,53.3
D00324,480,5,129930.0,2,3,5,10,At Risk,66.7
D00325,45,5,630000.0,5,3,5,13,Loyal Donor,86.7
D00326,47,7,1230.25,5,5,3,13,Loyal Donor,86.7
D00327,82,11,427200.0,5,5,5,15,Champion,100.0
D00328,928,3,174.65,1,1,1,3,Lapsed,20.0
D00329,77,9,222440.0,5,5,5,15,Champion,100.0
D00330,79,3,668560.0,5,1,5,11,New Donor,73.3
D00331,167,4,1056.6,4,2,2,8,New Donor,53.3
D00332,756,5,727.95,1,3,2,6,At Risk,40.0
D00333,173,2,622.3,4,1,2,7,New Donor,46.7
D00334,809,5,4922.0,1,3,4,8,At Risk,53.3
D00335,1154,2,106950.0,1,1,5,7,Lapsed,46.7
D00336,315,2,41.85,2,1,1,4,Lapsed,26.7
D00337,219,6,21484.0,3,4,4,11,Loyal Donor,73.3
D00338,747,4,1652.0,1,2,3,6,Lapsed,40.0
D00339,453,3,413.4,2,1,1,4,Lapsed,26.7
D00340,213,2,75150.0,3,1,4,8,Promising,53.3
D00341,162,8,10850.4,4,5,4,13,Champion,86.7
D00342,129,6,1084.8,4,4,2,10,Loyal Donor,66.7
D00343,25,8,2134.0,5,5,3,13,Loyal Donor,86.7
D00344,189,3,30.0,3,1,1,5,Promising,33.3
D00345,542,4,57120.0,1,2,4,7,Lapsed,46.7
D00346,141,6,159664.0,4,4,5,13,Champion,86.7
D00347,47,6,3361.5,5,4,3,12,Loyal Donor,80.0
D00348,968,4,229680.0,1,2,5,8,Lapsed,53.3
D00349,520,4,95090.0,2,2,4,8,Lapsed,53.3
D00350,101,1,38.25,4,1,1,6,New Donor,40.0
D00351,1521,3,54670.0,1,1,4,6,Lapsed,40.0
D00352,81,6,373920.0,5,4,5,14,Champion,93.3
D00353,142,4,1472.8,4,2,3,9,New Donor,60.0
D00354,206,4,1413840.0,3,2,5,10,Potential Loyalist,66.7
D00355,1601,1,128.8,1,1,1,3,Lapsed,20.0
D00356,216,1,349.0,3,1,1,5,Promising,33.3
D00357,1595,1,147.6,1,1,1,3,Lapsed,20.0
D00358,303,3,507.5,2,1,2,5,Lapsed,33.3
D00359,283,6,4099.75,2,4,4,10,At Risk,66.7
D00360,74,2,316800.0,5,1,5,11,New Donor,73.3
D00361,816,4,1229.9,1,2,3,6,Lapsed,40.0
D00362,96,8,2337.3,4,5,3,12,Loyal Donor,80.0
D00363,162,7,600.75,4,5,2,11,Loyal Donor,73.3
D00364,515,4,566800.0,2,2,5,9,Lapsed,60.0
D00365,137,6,18232.5,4,4,4,12,Champion,80.0
D00366,974,3,37180.0,1,1,4,6,Lapsed,40.0
D00367,207,4,3533.6,3,2,3,8,Potential Loyalist,53.3
D00368,150,5,550.2,4,3,2,9,Loyal Donor,60.0
D00369,509,5,14926.0,2,3,4,9,At Risk,60.0
D00370,984,6,787.5,1,4,2,7,At Risk,46.7
D00371,517,2,221.1,2,1,1,4,Lapsed,26.7
D00372,537,2,3393.5,1,1,3,5,Lapsed,33.3
D00373,744,4,354.0,1,2,1,4,Lapsed,26.7
D00374,151,5,1540000.0,4,3,5,12,Loyal Donor,80.0
D00375,789,4,460.8,1,2,2,5,Lapsed,33.3
D00376,297,4,211.4,2,2,1,5,Lapsed,33.3
D00377,669,2,133250.0,1,1,5,7,Lapsed,46.7
D00378,130,7,79576.0,4,5,4,13,Champion,86.7
D00379,701,7,973.7,1,5,2,8,At Risk,53.3
D00380,153,7,1073.6,4,5,2,11,Loyal Donor,73.3
D00381,76,3,35440.0,5,1,4,10,New Donor,66.7
D00382,227,9,60632.0,3,5,4,12,Loyal Donor,80.0
D00383,96,7,102492.0,4,5,5,14,Champion,93.3
D00384,58,6,110995.0,5,4,5,14,Champion,93.3
D00385,46,2,413.05,5,1,1,7,New Donor,46.7
D00386,1230,2,122.0,1,1,1,3,Lapsed,20.0
D00387,140,2,1153.5,4,1,3,8,New Donor,53.3
D00388,64,4,430.1,5,2,1,8,New Donor,53.3
D00389,216,8,1227.6,3,5,3,11,Loyal Donor,73.3
D00390,461,4,239500.0,2,2,5,9,Lapsed,60.0
D00391,945,5,50280.0,1,3,4,8,At Risk,53.3
D00392,105,6,1915.2,4,4,3,11,Loyal Donor,73.3
D00393,134,5,6580.0,4,3,4,11,Loyal Donor,73.3
D00394,222,4,215050.0,3,2,5,10,Potential Loyalist,66.7
D00395,48,11,2495.55,5,5,3,13,Loyal Donor,86.7
D00396,763,5,21392.0,1,3,4,8,At Risk,53.3
D00397,132,3,1640.0,4,1,3,8,New Donor,53.3
D00398,49,8,3504.6,5,5,3,13,Loyal Donor,86.7
D00399,127,7,394760.0,4,5,5,14,Champion,93.3
D00400,808,1,1534.0,1,1,3,5,Lapsed,33.3
D00401,222,8,488.4,3,5,2,10,Loyal Donor,66.7
D00402,923,4,24420.0,1,2,4,7,Lapsed,46.7
D00403,1601,1,76.2,1,1,1,3,Lapsed,20.0
D00404,76,5,390.45,5,3,1,9,Loyal Donor,60.0
D00405,222,7,800.7,3,5,2,10,Loyal Donor,66.7
D00406,63,5,695.8,5,3,2,10,Loyal Donor,66.7
D00407,842,4,732320.0,1,2,5,8,Lapsed,53.3
D00408,279,3,576.45,2,1,2,5,Lapsed,33.3
D00409,48,6,350.4,5,4,1,10,Loyal Donor,66.7
D00411,980,5,30100.0,1,3,4,8,At Risk,53.3
D00412,782,5,140400.0,1,3,5,9,At Risk,60.0
D00413,465,5,100100.0,2,3,4,9,At Risk,60.0
D00414,416,6,1323.0,2,4,3,9,At Risk,60.0
D00415,161,8,758.95,4,5,2,11,Loyal Donor,73.3
D00416,813,3,505.6,1,1,2,4,Lapsed,26.7
D00417,37,8,72933.0,5,5,4,14,Champion,93.3
D00418,220,5,85644.0,3,3,4,10,Loyal Donor,66.7
D00419,750,7,1221.75,1,5,3,9,At Risk,60.0
D00420,72,8,820.75,5,5,2,12,Loyal Donor,80.0
D00421,29,7,679.0,5,5,2,12,Loyal Donor,80.0
D00422,89,7,1446.95,5,5,3,13,Loyal Donor,86.7
D00423,85,5,4355.75,5,3,4,12,Loyal Donor,80.0
D00424,76,11,3670.4,5,5,3,13,Loyal Donor,86.7
D00425,206,6,782.6,3,4,2,9,Loyal Donor,60.0
D00426,551,2,438.2,1,1,1,3,Lapsed,20.0
D00427,445,4,1008.0,2,2,2,6,Lapsed,40.0
D00428,139,2,906.2,4,1,2,7,New Donor,46.7
D00429,413,4,790250.0,2,2,5,9,Lapsed,60.0
D00430,190,3,277.0,3,1,1,5,Promising,33.3
D00431,48,7,515.2,5,5,2,12,Loyal Donor,80.0
D00432,173,10,63036.0,4,5,4,13,Champion,86.7
D00433,485,3,118.5,2,1,1,4,Lapsed,26.7
D00434,106,6,1881.6,4,4,3,11,Loyal Donor,73.3
D00435,543,3,937.4,1,1,2,4,Lapsed,26.7
D00436,43,6,5359.5,5,4,4,13,Champion,86.7
D00437,63,5,22176.0,5,3,4,12,Loyal Donor,80.0
D00438,195,4,648.0,3,2,2,7,Promising,46.7
D00439,196,2,303.0,3,1,1,5,Promising,33.3
D00440,488,6,83868.0,2,4,4,10,At Risk,66.7
D00441,92,1,38.9,5,1,1,7,New Donor,46.7
D00442,229,7,763420.0,3,5,5,13,Loyal Donor,86.7
D00443,192,3,56430.0,3,1,4,8,Promising,53.3
D00444,464,4,4273.55,2,2,4,8,Lapsed,53.3
D00445,276,3,2997.3,2,1,3,6,Lapsed,40.0
D00446,1595,2,273.7,1,1,1,3,Lapsed,20.0
D00447,104,7,981.15,4,5,2,11,Loyal Donor,73.3
D00448,28,5,490.05,5,3,2,10,Loyal Donor,66.7
D00449,525,3,429600.0,2,1,5,8,Lapsed,53.3
D00450,29,8,353320.0,5,5,5,15,Champion,100.0
D00451,529,6,768.5,2,4,2,8,At Risk,53.3
D00452,72,4,21675.0,5,2,4,11,New Donor,73.3
D00453,151,7,130752.0,4,5,5,14,Champion,93.3
D00454,454,5,778.3,2,3,2,7,At Risk,46.7
D00455,50,5,61446.0,5,3,4,12,Loyal Donor,80.0
D00456,734,1,81.45,1,1,1,3,Lapsed,20.0
D00457,42,5,2145.4,5,3,3,11,Loyal Donor,73.3
D00458,94,5,483.3,5,3,2,10,Loyal Donor,66.7
D00459,301,5,77544.0,2,3,4,9,At Risk,60.0
D00460,83,6,1597.5,5,4,3,12,Loyal Donor,80.0
D00461,205,1,2795.0,3,1,3,7,Promising,46.7
D00462,178,3,318.0,3,1,1,5,Promising,33.3
D00463,107,6,7938.0,4,4,4,12,Champion,80.0
D00464,69,5,208.0,5,3,1,9,Loyal Donor,60.0
D00465,225,7,1354.05,3,5,3,11,Loyal Donor,73.3
D00466,71,9,540.0,5,5,2,12,Loyal Donor,80.0
D00467,119,3,501300.0,4,1,5,10,New Donor,66.7
D00468,35,6,4826.25,5,4,4,13,Champion,86.7
D00469,281,5,973.35,2,3,2,7,At Risk,46.7
D00470,750,3,150.75,1,1,1,3,Lapsed,20.0
D00471,176,7,1354.2,4,5,3,12,Loyal Donor,80.0
D00472,181,6,101.2,3,4,1,8,Loyal Donor,53.3
D00473,211,4,744.0,3,2,2,7,Promising,46.7
D00474,173,3,46731.0,4,1,4,9,New Donor,60.0
D00475,41,5,393.8,5,3,1,9,Loyal Donor,60.0
D00476,410,10,229582.0,2,5,5,12,At Risk,80.0
D00477,214,4,796.25,3,2,2,7,Promising,46.7
D00478,223,7,1693.2,3,5,3,11,Loyal Donor,73.3
D00479,171,6,1672950.0,4,4,5,13,Champion,86.7
D00480,1150,2,667.2,1,1,2,4,Lapsed,26.7
D00481,229,3,156.8,3,1,1,5,Promising,33.3
D00482,448,6,913.1,2,4,2,8,At Risk,53.3
D00483,26,7,986.85,5,5,2,12,Loyal Donor,80.0
D00484,983,2,392.0,1,1,1,3,Lapsed,20.0
D00485,122,6,922.35,4,4,2,10,Loyal Donor,66.7
D00486,520,3,518.8,2,1,2,5,Lapsed,33.3
D00487,229,7,1807.0,3,5,3,11,Loyal Donor,73.3
D00488,43,6,100.0,5,4,1,10,Loyal Donor,66.7
D00489,71,4,510.3,5,2,2,9,New Donor,60.0
D00490,536,1,11.7,1,1,1,3,Lapsed,20.0
D00491,548,5,2288.25,1,3,3,7,At Risk,46.7
D00492,902,6,1725.9,1,4,3,8,At Risk,53.3
D00493,191,7,4696.65,3,5,4,12,Loyal Donor,80.0
D00494,171,5,1637.25,4,3,3,10,Loyal Donor,66.7
D00495,64,6,1591.2,5,4,3,12,Loyal Donor,80.0
D00496,531,5,1488.0,2,3,3,8,At Risk,53.3
D00497,160,6,899.0,4,4,2,10,Loyal Donor,66.7
D00498,76,6,3146.0,5,4,3,12,Loyal Donor,80.0
D00499,199,8,2967.15,3,5,3,11,Loyal Donor,73.3
D00500,206,5,444.4,3,3,1,7,Loyal Donor,46.7
D00501,1122,1,190.8,1,1,1,3,Lapsed,20.0
D00502,788,4,3426.0,1,2,3,6,Lapsed,40.0
D00503,1340,3,382.2,1,1,1,3,Lapsed,20.0
D00504,761,2,269.5,1,1,1,3,Lapsed,20.0
D00505,430,5,426.65,2,3,1,6,At Risk,40.0
D00506,97,2,391050.0,4,1,5,10,New Donor,66.7
D00507,969,1,362.0,1,1,1,3,Lapsed,20.0
D00508,978,2,201300.0,1,1,5,7,Lapsed,46.7
D00509,59,8,2250.85,5,5,3,13,Loyal Donor,86.7
D00510,733,3,30.0,1,1,1,3,Lapsed,20.0
D00511,224,2,1358.8,3,1,3,7,Promising,46.7
D00512,281,7,3419.55,2,5,3,10,At Risk,66.7
D00513,25,8,1824.5,5,5,3,13,Loyal Donor,86.7
D00514,197,5,771650.0,3,3,5,11,Loyal Donor,73.3
D00515,1152,1,568000.0,1,1,5,7,Lapsed,46.7
D00516,150,6,2528.9,4,4,3,11,Loyal Donor,73.3
D00517,144,4,507.45,4,2,2,8,New Donor,53.3
D00518,283,3,83634.0,2,1,4,7,Lapsed,46.7
D00519,224,7,850.85,3,5,2,10,Loyal Donor,66.7
D00520,296,5,1009620.0,2,3,5,10,At Risk,66.7
D00521,212,5,42483.0,3,3,4,10,Loyal Donor,66.7
D00522,186,5,300.2,3,3,1,7,Loyal Donor,46.7
D00523,540,5,243540.0,1,3,5,9,At Risk,60.0
D00524,103,6,884500.0,4,4,5,13,Champion,86.7
D00525,44,5,1064.25,5,3,2,10,Loyal Donor,66.7
D00526,405,8,51216.0,2,5,4,11,At Risk,73.3
D00527,77,3,387.2,5,1,1,7,New Donor,46.7
D00528,892,8,5518.8,1,5,4,10,At Risk,66.7
D00529,230,3,618.0,3,1,2,6,Promising,40.0
D00530,528,3,25600.0,2,1,4,7,Lapsed,46.7
D00531,64,4,197100.0,5,2,5,12,New Donor,80.0
D00532,195,6,5855.85,3,4,4,11,Loyal Donor,73.3
D00533,801,2,8780.0,1,1,4,6,Lapsed,40.0
D00534,40,3,450.6,5,1,1,7,New Donor,46.7
D00535,455,3,62560.0,2,1,4,7,Lapsed,46.7
D00536,1205,2,3283.0,1,1,3,5,Lapsed,33.3
D00537,189,3,61030.0,3,1,4,8,Promising,53.3
D00538,33,3,2124.0,5,1,3,9,New Donor,60.0
D00539,118,7,1064.0,4,5,2,11,Loyal Donor,73.3
D00540,72,6,734.85,5,4,2,11,Loyal Donor,73.3
D00541,1482,1,7580.0,1,1,4,6,Lapsed,40.0
D00542,430,4,803.25,2,2,2,6,Lapsed,40.0
D00543,139,6,6634.25,4,4,4,12,Champion,80.0
D00544,670,3,85.75,1,1,1,3,Lapsed,20.0
D00545,68,3,227.5,5,1,1,7,New Donor,46.7
D00546,30,3,160.2,5,1,1,7,New Donor,46.7
D00547,80,5,378.0,5,3,1,9,Loyal Donor,60.0
D00548,81,1,51.4,5,1,1,7,New Donor,46.7
D00549,101,4,144000.0,4,2,5,11,New Donor,73.3
D00550,73,5,746.25,5,3,2,10,Loyal Donor,66.7
D00551,78,3,205.6,5,1,1,7,New Donor,46.7
D00552,465,5,254000.0,2,3,5,10,At Risk,66.7
D00553,127,8,660480.0,4,5,5,14,Champion,93.3
D00554,515,3,1327.1,2,1,3,6,Lapsed,40.0
D00555,51,7,5771.7,5,5,4,14,Champion,93.3
D00556,279,2,27370.0,2,1,4,7,Lapsed,46.7
D00557,196,6,83655.0,3,4,4,11,Loyal Donor,73.3
D00558,393,5,918.0,2,3,2,7,At Risk,46.7
D00559,98,5,1704.5,4,3,3,10,Loyal Donor,66.7
D00560,228,5,27144.0,3,3,4,10,Loyal Donor,66.7
D00561,207,2,20.0,3,1,1,5,Promising,33.3
D00562,75,7,2763.95,5,5,3,13,Loyal Donor,86.7
D00563,60,6,4475.0,5,4,4,13,Champion,86.7
D00564,458,2,433.3,2,1,1,4,Lapsed,26.7
D00565,519,2,85500.0,2,1,4,7,Lapsed,46.7
D00566,134,3,14440.0,4,1,4,9,New Donor,60.0
D00567,142,7,213560.0,4,5,5,14,Champion,93.3
D00568,716,3,490.45,1,1,2,4,Lapsed,26.7
D00569,78,5,56364.0,5,3,4,12,Loyal Donor,80.0
D00570,62,2,1138.0,5,1,2,8,New Donor,53.3
D00571,743,5,118900.0,1,3,5,9,At Risk,60.0
D00572,775,7,4455.6,1,5,4,10,At Risk,66.7
D00573,262,4,5040.0,3,2,4,9,Potential Loyalist,60.0
D00574,43,6,757.9,5,4,2,11,Loyal Donor,73.3
D00575,102,4,3642.0,4,2,3,9,New Donor,60.0
D00576,102,4,498.6,4,2,2,8,New Donor,53.3
D00577,35,4,491.4,5,2,2,9,New Donor,60.0
D00578,203,4,45540.0,3,2,4,9,Potential Loyalist,60.0
D00579,130,5,273070.0,4,3,5,12,Loyal Donor,80.0
D00580,306,4,580.8,2,2,2,6,Lapsed,40.0
D00581,221,4,513.0,3,2,2,7,Promising,46.7
D00582,86,4,1404.2,5,2,3,10,New Donor,66.7
D00583,67,4,462.0,5,2,2,9,New Donor,60.0
D00584,735,2,32.5,1,1,1,3,Lapsed,20.0
D00585,448,5,1771000.0,2,3,5,10,At Risk,66.7
D00586,198,5,396.9,3,3,1,7,Loyal Donor,46.7
D00587,221,5,42529.0,3,3,4,10,Loyal Donor,66.7
D00588,217,3,319.0,3,1,1,5,Promising,33.3
D00589,28,3,220500.0,5,1,5,11,New Donor,73.3
D00590,961,2,220.5,1,1,1,3,Lapsed,20.0
D00591,197,7,729.0,3,5,2,10,Loyal Donor,66.7
D00592,298,3,283.5,2,1,1,4,Lapsed,26.7
D00593,703,4,72090.0,1,2,4,7,Lapsed,46.7
D00594,193,4,23049.0,3,2,4,9,Potential Loyalist,60.0
D00595,209,4,2249.4,3,2,3,8,Potential Loyalist,53.3
D00596,103,7,6468.0,4,5,4,13,Champion,86.7
D00597,181,4,444.6,3,2,1,6,Promising,40.0
D00598,451,5,190820.0,2,3,5,10,At Risk,66.7
D00599,195,5,219050.0,3,3,5,11,Loyal Donor,73.3
D00600,100,2,150.0,4,1,1,6,New Donor,40.0
D00601,63,5,761.8,5,3,2,10,Loyal Donor,66.7
D00602,296,4,105.5,2,2,1,5,Lapsed,33.3
D00603,149,3,631.8,4,1,2,7,New Donor,46.7
D00604,204,7,25620.0,3,5,4,12,Loyal Donor,80.0
D00605,1592,1,78.6,1,1,1,3,Lapsed,20.0
D00606,134,8,465010.0,4,5,5,14,Champion,93.3
D00607,151,3,270.0,4,1,1,6,New Donor,40.0
D00608,821,3,1568.0,1,1,3,5,Lapsed,33.3
D00609,771,3,775.2,1,1,2,4,Lapsed,26.7
D00610,95,7,452100.0,4,5,5,14,Champion,93.3
D00611,127,3,48240.0,4,1,4,9,New Donor,60.0
D00612,273,6,76096.0,2,4,4,10,At Risk,66.7
D00613,561,3,306.0,1,1,1,3,Lapsed,20.0
D00614,204,5,260.95,3,3,1,7,Loyal Donor,46.7
D00615,89,3,369.0,5,1,1,7,New Donor,46.7
D00616,131,3,5200.0,4,1,4,9,New Donor,60.0
D00617,139,4,596.8,4,2,2,8,New Donor,53.3
D00618,760,5,1237.5,1,3,3,7,At Risk,46.7
D00619,211,3,495.6,3,1,2,6,Promising,40.0
D00620,533,3,97.0,1,1,1,3,Lapsed,20.0
D00621,98,7,869240.0,4,5,5,14,Champion,93.3
D00622,304,6,11160.0,2,4,4,10,At Risk,66.7
D00623,419,7,1346.8,2,5,3,10,At Risk,66.7
D00624,473,4,287.95,2,2,1,5,Lapsed,33.3
D00625,304,6,100.4,2,4,1,7,At Risk,46.7
D00626,106,4,559.8,4,2,2,8,New Donor,53.3
D00627,36,6,73114.0,5,4,4,13,Champion,86.7
D00628,1336,4,91866.0,1,2,4,7,Lapsed,46.7
D00629,739,5,2933.6,1,3,3,7,At Risk,46.7
D00630,194,4,552.5,3,2,2,7,Promising,46.7
D00631,166,7,311150.0,4,5,5,14,Champion,93.3
D00632,316,5,9744.0,2,3,4,9,At Risk,60.0
D00633,192,1,109.0,3,1,1,5,Promising,33.3
D00634,840,3,3410.4,1,1,3,5,Lapsed,33.3
D00635,406,3,70980.0,2,1,4,7,Lapsed,46.7
D00636,278,7,971.25,2,5,2,9,At Risk,60.0
D00637,265,5,2163.4,2,3,3,8,At Risk,53.3
D00638,99,6,1715000.0,4,4,5,13,Champion,86.7
D00639,286,4,783.6,2,2,2,6,Lapsed,40.0
D00640,44,7,463600.0,5,5,5,15,Champion,100.0
D00641,431,4,58.5,2,2,1,5,Lapsed,33.3
D00642,115,3,365.95,4,1,1,6,New Donor,40.0
D00643,157,7,4258.8,4,5,4,13,Champion,86.7
D00644,70,5,295.55,5,3,1,9,Loyal Donor,60.0
D00645,217,6,1143.75,3,4,3,10,Loyal Donor,66.7
D00646,438,2,77175.0,2,1,4,7,Lapsed,46.7
D00647,297,3,168.3,2,1,1,4,Lapsed,26.7
D00648,151,4,779.2,4,2,2,8,New Donor,53.3
D00649,187,5,79386.0,3,3,4,10,Loyal Donor,66.7
D00650,111,3,926.85,4,1,2,7,New Donor,46.7
D00651,506,4,13650.0,2,2,4,8,Lapsed,53.3
D00652,306,2,79083.0,2,1,4,7,Lapsed,46.7
D00653,54,5,382.5,5,3,1,9,Loyal Donor,60.0
D00654,204,6,1075.2,3,4,2,9,Loyal Donor,60.0
D00655,142,5,2470.4,4,3,3,10,Loyal Donor,66.7
D00656,789,5,1576.75,1,3,3,7,At Risk,46.7
D00657,99,7,1111.5,4,5,2,11,Loyal Donor,73.3
D00658,272,8,1038.75,2,5,2,9,At Risk,60.0
D00659,43,4,24180.0,5,2,4,11,New Donor,73.3
D00660,91,3,212450.0,5,1,5,11,New Donor,73.3
D00661,176,6,96624.0,4,4,4,12,Champion,80.0
D00662,789,6,136682.0,1,4,5,10,At Risk,66.7
D00663,947,1,220.4,1,1,1,3,Lapsed,20.0
D00664,743,3,27560.0,1,1,4,6,Lapsed,40.0
D00665,424,4,802.5,2,2,2,6,Lapsed,40.0
D00666,117,5,176300.0,4,3,5,12,Loyal Donor,80.0
D00667,80,9,4657.6,5,5,4,14,Champion,93.3
D00668,100,4,1122.0,4,2,2,8,New Donor,53.3
D00669,455,5,961.15,2,3,2,7,At Risk,46.7
D00670,54,4,239080.0,5,2,5,12,New Donor,80.0
D00671,150,6,110121.0,4,4,5,13,Champion,86.7
D00672,124,6,765600.0,4,4,5,13,Champion,86.7
D00673,41,4,991.95,5,2,2,9,New Donor,60.0
D00674,115,6,145.6,4,4,1,9,Loyal Donor,60.0
D00675,489,5,50512.0,2,3,4,9,At Risk,60.0
D00676,128,8,404.8,4,5,1,10,Loyal Donor,66.7
D00677,224,9,2289.5,3,5,3,11,Loyal Donor,73.3
D00678,200,5,2184.0,3,3,3,9,Loyal Donor,60.0
D00679,1694,1,52300.0,1,1,4,6,Lapsed,40.0
D00680,415,5,648010.0,2,3,5,10,At Risk,66.7
D00681,714,3,4066.4,1,1,4,6,Lapsed,40.0
D00682,264,5,945.6,2,3,2,7,At Risk,46.7
D00683,519,4,176.05,2,2,1,5,Lapsed,33.3
D00684,227,6,2196.0,3,4,3,10,Loyal Donor,66.7
D00685,56,9,1803.1,5,5,3,13,Loyal Donor,86.7
D00686,108,3,5424.0,4,1,4,9,New Donor,60.0
D00687,83,7,826950.0,5,5,5,15,Champion,100.0
D00688,1150,1,70400.0,1,1,4,6,Lapsed,40.0
D00689,454,4,180.7,2,2,1,5,Lapsed,33.3
D00690,893,4,23548.0,1,2,4,7,Lapsed,46.7
D00691,195,4,7675.2,3,2,4,9,Potential Loyalist,60.0
D00692,50,5,579.05,5,3,2,10,Loyal Donor,66.7
D00693,90,6,2509.85,5,4,3,12,Loyal Donor,80.0
D00695,75,5,51936.0,5,3,4,12,Loyal Donor,80.0
D00696,523,3,256.1,2,1,1,4,Lapsed,26.7
D00697,64,6,1444.8,5,4,3,12,Loyal Donor,80.0
D00698,206,4,337.8,3,2,1,6,Promising,40.0
D00699,712,3,422.0,1,1,1,3,Lapsed,20.0
D00700,291,3,468000.0,2,1,5,8,Lapsed,53.3
D00701,512,5,383.35,2,3,1,6,At Risk,40.0
D00702,30,6,1067.9,5,4,2,11,Loyal Donor,73.3
D00703,200,3,21735.0,3,1,4,8,Promising,53.3
D00704,97,8,6575.75,4,5,4,13,Champion,86.7
D00705,866,2,892500.0,1,1,5,7,Lapsed,46.7
D00706,177,8,1620100.0,4,5,5,14,Champion,93.3
D00707,189,7,1290.9,3,5,3,11,Loyal Donor,73.3
D00708,312,10,612.0,2,5,2,9,At Risk,60.0
D00709,95,11,1481.8,4,5,3,12,Loyal Donor,80.0
D00710,752,5,682.5,1,3,2,6,At Risk,40.0
D00711,895,4,2467.4,1,2,3,6,Lapsed,40.0
D00712,151,7,1977.9,4,5,3,12,Loyal Donor,80.0
D00713,43,8,10466.5,5,5,4,14,Champion,93.3
D00714,476,7,1056550.0,2,5,5,12,At Risk,80.0
D00715,531,4,379.95,2,2,1,5,Lapsed,33.3
D00716,184,5,126352.0,3,3,5,11,Loyal Donor,73.3
D00717,95,5,315.0,4,3,1,8,Loyal Donor,53.3
D00718,400,4,493.2,2,2,2,6,Lapsed,40.0
D00719,180,10,2606.4,3,5,3,11,Loyal Donor,73.3
D00720,59,8,657.15,5,5,2,12,Loyal Donor,80.0
D00721,104,8,4936.0,4,5,4,13,Champion,86.7
D00722,33,4,426.4,5,2,1,8,New Donor,53.3
D00723,82,5,972.0,5,3,2,10,Loyal Donor,66.7
D00724,205,3,1437.8,3,1,3,7,Promising,46.7
D00725,94,7,1084.6,5,5,2,12,Loyal Donor,80.0
D00727,171,5,5684.8,4,3,4,11,Loyal Donor,73.3
D00728,197,3,430.4,3,1,1,5,Promising,33.3
D00729,556,5,29220.0,1,3,4,8,At Risk,53.3
D00730,182,2,343700.0,3,1,5,9,Promising,60.0
D00731,203,6,135150.0,3,4,5,12,Loyal Donor,80.0
D00732,68,2,107.25,5,1,1,7,New Donor,46.7
D00733,482,4,1895.4,2,2,3,7,Lapsed,46.7
D00734,77,5,9585.0,5,3,4,12,Loyal Donor,80.0
D00735,123,4,768.75,4,2,2,8,New Donor,53.3
D00736,766,3,631800.0,1,1,5,7,Lapsed,46.7
D00737,189,2,63.6,3,1,1,5,Promising,33.3
D00738,482,9,5115.6,2,5,4,11,At Risk,73.3
D00739,76,9,205646.0,5,5,5,15,Champion,100.0
D00740,104,3,258.0,4,1,1,6,New Donor,40.0
D00741,58,5,18330.0,5,3,4,12,Loyal Donor,80.0
D00742,167,5,115770.0,4,3,5,12,Loyal Donor,80.0
D00743,804,4,21411.0,1,2,4,7,Lapsed,46.7
D00744,204,3,434.35,3,1,1,5,Promising,33.3
D00745,190,5,159360.0,3,3,5,11,Loyal Donor,73.3
D00746,462,4,173910.0,2,2,5,9,Lapsed,60.0
D00747,453,1,332000.0,2,1,5,8,Lapsed,53.3
D00748,777,5,429.0,1,3,1,5,At Risk,33.3
D00749,452,5,596550.0,2,3,5,10,At Risk,66.7
D00750,78,8,1624.25,5,5,3,13,Loyal Donor,86.7
D00751,185,4,2037.0,3,2,3,8,Potential Loyalist,53.3
D00752,1422,3,535.5,1,1,2,4,Lapsed,26.7
D00753,209,5,25584.0,3,3,4,10,Loyal Donor,66.7
D00754,204,3,875.05,3,1,2,6,Promising,40.0
D00755,59,8,8891.3,5,5,4,14,Champion,93.3
D00756,229,6,1479.5,3,4,3,10,Loyal Donor,66.7
D00757,288,8,215200.0,2,5,5,12,At Risk,80.0
D00758,175,5,305.25,4,3,1,8,Loyal Donor,53.3
D00759,107,8,45451.0,4,5,4,13,Champion,86.7
D00760,134,7,2190.35,4,5,3,12,Loyal Donor,80.0
D00761,88,6,1687300.0,5,4,5,14,Champion,93.3
D00762,521,4,6000.0,2,2,4,8,Lapsed,53.3
D00763,228,6,596250.0,3,4,5,12,Loyal Donor,80.0
D00764,490,9,2166.4,2,5,3,10,At Risk,66.7
D00765,691,5,3582.25,1,3,3,7,At Risk,46.7
D00766,720,2,73800.0,1,1,4,6,Lapsed,40.0
D00767,927,3,877.8,1,1,2,4,Lapsed,26.7
D00768,292,3,253.8,2,2,1,5,Lapsed,33.3
D00769,151,5,346.8,4,3,1,8,Loyal Donor,53.3
D00770,64,6,21630.0,5,4,4,13,Champion,86.7
D00771,305,5,435.2,2,3,1,6,At Risk,40.0
D00772,144,3,65.0,4,2,1,7,New Donor,46.7
D00773,76,7,192.6,5,5,1,11,Loyal Donor,73.3
D00774,228,3,98980.0,3,2,4,9,Potential Loyalist,60.0
D00775,548,3,242000.0,1,2,5,8,Lapsed,53.3
D00776,973,3,39008.0,1,2,4,7,Lapsed,46.7
D00777,1387,3,3538.5,1,2,3,6,Lapsed,40.0
D00778,478,8,7685.0,2,5,4,11,At Risk,73.3
D00779,224,1,17.1,3,1,1,5,Promising,33.3
D00780,85,7,53284.0,5,5,4,14,Champion,93.3
D00781,29,7,77112.0,5,5,4,14,Champion,93.3
D00782,115,7,1948.0,4,5,3,12,Loyal Donor,80.0
D00783,286,6,8243.2,2,4,4,10,At Risk,66.7
D00784,529,2,128.4,2,1,1,4,Lapsed,26.7
D00785,139,3,580.8,4,2,2,8,New Donor,53.3
D00786,474,3,78800.0,2,2,4,8,Lapsed,53.3
D00787,412,4,43355.0,2,2,4,8,Lapsed,53.3
D00788,103,4,149580.0,4,2,5,11,New Donor,73.3
D00789,201,5,369900.0,3,3,5,11,Loyal Donor,73.3
D00790,58,4,329.15,5,2,1,8,New Donor,53.3
D00791,410,5,257.4,2,3,1,6,At Risk,40.0
D00792,293,4,4748.8,2,2,4,8,Lapsed,53.3
D00793,174,7,996.45,4,5,2,11,Loyal Donor,73.3
D00794,122,6,501.6,4,4,2,10,Loyal Donor,66.7
D00795,57,5,988.9,5,3,2,10,Loyal Donor,66.7
D00796,192,6,707000.0,3,4,5,12,Loyal Donor,80.0
D00797,184,7,1607.7,3,5,3,11,Loyal Donor,73.3
D00798,757,2,4356.0,1,1,4,6,Lapsed,40.0
D00799,190,5,1096.75,3,3,2,8,Loyal Donor,53.3
D00800,83,6,923.0,5,4,2,11,Loyal Donor,73.3
D00801,437,7,125832.0,2,5,5,12,At Risk,80.0
D00802,204,5,1149.5,3,3,3,9,Loyal Donor,60.0
D00803,56,4,1388.8,5,2,3,10,New Donor,66.7
D00804,412,7,493.5,2,5,2,9,At Risk,60.0
D00805,314,3,6149.1,2,2,4,8,Lapsed,53.3
D00806,85,8,3442.5,5,5,3,13,Loyal Donor,86.7
D00807,89,2,2958.8,5,1,3,9,New Donor,60.0
D00808,179,7,1428.35,3,5,3,11,Loyal Donor,73.3
D00809,183,6,227.7,3,4,1,8,Loyal Donor,53.3
D00810,451,5,73950.0,2,3,4,9,At Risk,60.0
D00811,78,8,835800.0,5,5,5,15,Champion,100.0
D00812,197,4,3047.85,3,2,3,8,Potential Loyalist,53.3
D00813,170,4,47600.0,4,2,4,10,New Donor,66.7
D00814,183,5,1041.2,3,3,2,8,Loyal Donor,53.3
D00815,393,3,19136.0,2,2,4,8,Lapsed,53.3
D00816,80,4,8346.0,5,2,4,11,New Donor,73.3
D00817,403,7,1705.6,2,5,3,10,At Risk,66.7
D00818,56,6,508.75,5,4,2,11,Loyal Donor,73.3
D00819,201,3,78750.0,3,2,4,9,Potential Loyalist,60.0
D00820,225,4,457.6,3,2,2,7,Promising,46.7
D00821,91,3,1643.0,5,2,3,10,New Donor,66.7
D00822,45,3,119170.0,5,2,5,12,New Donor,80.0
D00823,57,6,1459340.0,5,4,5,14,Champion,93.3
D00824,173,5,547400.0,4,3,5,12,Loyal Donor,80.0
D00825,718,1,108.0,1,1,1,3,Lapsed,20.0
D00826,1560,4,156.4,1,2,1,4,Lapsed,26.7
D00827,940,3,1046.5,1,2,2,5,Lapsed,33.3
D00828,396,9,1402.5,2,5,3,10,At Risk,66.7
D00829,712,4,182000.0,1,2,5,8,Lapsed,53.3
D00830,179,5,443.7,3,3,1,7,Loyal Donor,46.7
D00831,100,6,43180.0,4,4,4,12,Champion,80.0
D00832,203,3,1433.25,3,2,3,8,Potential Loyalist,53.3
D00833,143,6,564.3,4,4,2,10,Loyal Donor,66.7
D00834,89,6,3825.4,5,4,4,13,Champion,86.7
D00835,55,10,772.2,5,5,2,12,Loyal Donor,80.0
D00836,415,4,539.5,2,2,2,6,Lapsed,40.0
D00837,1362,1,122.25,1,1,1,3,Lapsed,20.0
D00838,95,4,585.0,4,2,2,8,New Donor,53.3
D00839,95,10,521000.0,4,5,5,14,Champion,93.3
D00840,991,1,426.0,1,1,1,3,Lapsed,20.0
D00841,475,4,630.0,2,2,2,6,Lapsed,40.0
D00842,477,4,453.0,2,2,2,6,Lapsed,40.0
D00843,945,5,156310.0,1,3,5,9,At Risk,60.0
D00844,178,6,576.2,3,4,2,9,Loyal Donor,60.0
D00845,82,2,4801.8,5,1,4,10,New Donor,66.7
D00846,170,8,28548.0,4,5,4,13,Champion,86.7
D00847,458,4,1221.0,2,2,3,7,Lapsed,46.7
D00848,60,10,2801.4,5,5,3,13,Loyal Donor,86.7
D00849,142,2,214.2,4,1,1,6,New Donor,40.0
D00850,108,6,797340.0,4,4,5,13,Champion,86.7
D00851,224,5,1867.6,3,3,3,9,Loyal Donor,60.0
D00852,1376,3,82748.0,1,2,4,7,Lapsed,46.7
D00853,87,10,1849.65,5,5,3,13,Loyal Donor,86.7
D00854,79,7,943.8,5,5,2,12,Loyal Donor,80.0
D00855,203,6,235460.0,3,4,5,12,Loyal Donor,80.0
D00856,766,4,311.2,1,2,1,4,Lapsed,26.7
D00857,1482,1,10320.0,1,1,4,6,Lapsed,40.0
D00858,189,5,601.9,3,3,2,8,Loyal Donor,53.3
D00859,100,5,1638.0,4,3,3,10,Loyal Donor,66.7
D00860,228,6,335400.0,3,4,5,12,Loyal Donor,80.0
D00861,72,8,299920.0,5,5,5,15,Champion,100.0
D00862,145,1,7300.0,4,1,4,9,New Donor,60.0
D00863,84,4,929.1,5,2,2,9,New Donor,60.0
D00864,66,7,1151.5,5,5,3,13,Loyal Donor,86.7
D00865,76,6,729.6,5,4,2,11,Loyal Donor,73.3
D00866,277,6,543.2,2,4,2,8,At Risk,53.3
D00868,508,1,340.0,2,1,1,4,Lapsed,26.7
D00869,284,3,60420.0,2,2,4,8,Lapsed,53.3
D00870,128,6,3502.8,4,4,3,11,Loyal Donor,73.3
D00871,26,1,139.6,5,1,1,7,New Donor,46.7
D00872,452,6,2826.1,2,4,3,9,At Risk,60.0
D00873,229,3,195.6,3,2,1,6,Promising,40.0
D00874,131,4,242.65,4,2,1,7,New Donor,46.7
D00875,454,3,825.3,2,2,2,6,Lapsed,40.0
D00876,399,3,294120.0,2,2,5,9,Lapsed,60.0
D00877,1317,1,58.5,1,1,1,3,Lapsed,20.0
D00878,1340,3,1542.6,1,2,3,6,Lapsed,40.0
D00879,216,6,151360.0,3,4,5,12,Loyal Donor,80.0
D00880,178,7,622.7,3,5,2,10,Loyal Donor,66.7
D00881,38,6,796.25,5,4,2,11,Loyal Donor,73.3
D00882,754,3,1508800.0,1,2,5,8,Lapsed,53.3
D00883,189,7,169470.0,3,5,5,13,Loyal Donor,86.7
D00884,294,2,246400.0,2,1,5,8,Lapsed,53.3
D00885,1460,1,10.0,1,1,1,3,Lapsed,20.0
D00886,515,5,42164.0,2,3,4,9,At Risk,60.0
D00887,700,5,4032.0,1,3,4,8,At Risk,53.3
D00888,177,5,862.1,4,3,2,9,Loyal Donor,60.0
D00889,132,7,593.65,4,5,2,11,Loyal Donor,73.3
D00890,397,6,785.4,2,4,2,8,At Risk,53.3
D00891,87,6,2817.8,5,4,3,12,Loyal Donor,80.0
D00892,718,5,1086.8,1,3,2,6,At Risk,40.0
D00893,490,6,173250.0,2,4,5,11,At Risk,73.3
D00894,209,6,64428.0,3,4,4,11,Loyal Donor,73.3
D00895,139,11,5569.3,4,5,4,13,Champion,86.7
D00896,147,3,250900.0,4,2,5,11,New Donor,73.3
D00897,66,7,2125.2,5,5,3,13,Loyal Donor,86.7
D00898,58,5,598.0,5,3,2,10,Loyal Donor,66.7
D00899,270,4,550400.0,2,2,5,9,Lapsed,60.0
D00900,195,4,616.0,3,2,2,7,Promising,46.7
D00901,188,4,1021.7,3,2,2,7,Promising,46.7
D00902,55,4,28350.0,5,2,4,11,New Donor,73.3
D00903,71,5,792.0,5,3,2,10,Loyal Donor,66.7
D00904,101,9,1074.5,4,5,2,11,Loyal Donor,73.3
D00905,184,5,1668.6,3,3,3,9,Loyal Donor,60.0
D00906,294,4,74889.0,2,2,4,8,Lapsed,53.3
D00907,474,7,208874.0,2,5,5,12,At Risk,80.0
D00909,78,7,2196.75,5,5,3,13,Loyal Donor,86.7
D00910,141,5,239080.0,4,3,5,12,Loyal Donor,80.0
D00911,1163,4,658.35,1,2,2,5,Lapsed,33.3
D00912,225,6,874.9,3,4,2,9,Loyal Donor,60.0
D00913,78,6,52920.0,5,4,4,13,Champion,86.7
D00914,159,6,556.4,4,4,2,10,Loyal Donor,66.7
D00915,149,1,310.0,4,1,1,6,New Donor,40.0
D00916,158,5,26568.0,4,3,4,11,Loyal Donor,73.3
D00917,772,3,1201.6,1,2,3,6,Lapsed,40.0
D00918,189,5,877.8,3,3,2,8,Loyal Donor,53.3
D00919,214,3,710.0,3,2,2,7,Promising,46.7
D00920,1393,2,128.0,1,1,1,3,Lapsed,20.0
D00921,92,4,1105.15,5,2,2,9,New Donor,60.0
D00922,98,2,181.35,4,1,1,6,New Donor,40.0
D00923,133,6,888.75,4,4,2,10,Loyal Donor,66.7
D00924,216,3,228.8,3,2,1,6,Promising,40.0
D00925,397,5,249240.0,2,3,5,10,At Risk,66.7
D00926,132,6,551.6,4,4,2,10,Loyal Donor,66.7
D00927,459,2,1504.2,2,1,3,6,Lapsed,40.0
D00928,530,1,60.3,2,1,1,4,Lapsed,26.7
D00929,1316,1,61400.0,1,1,4,6,Lapsed,40.0
D00930,107,6,522.9,4,4,2,10,Loyal Donor,66.7
D00931,181,6,236280.0,3,4,5,12,Loyal Donor,80.0
D00932,178,4,1309680.0,3,2,5,10,Potential Loyalist,66.7
D00933,146,4,1713.5,4,2,3,9,New Donor,60.0
D00934,156,4,284850.0,4,2,5,11,New Donor,73.3
D00935,214,4,572.8,3,2,2,7,Promising,46.7
D00936,174,7,26688.0,4,5,4,13,Champion,86.7
D00937,151,5,3206.4,4,3,3,10,Loyal Donor,66.7
D00938,924,3,338.0,1,2,1,4,Lapsed,26.7
D00939,38,9,758.35,5,5,2,12,Loyal Donor,80.0
D00940,195,6,507.0,3,4,2,9,Loyal Donor,60.0
D00941,101,6,523.25,4,4,2,10,Loyal Donor,66.7
D00942,212,6,79239.0,3,4,4,11,Loyal Donor,73.3
D00943,93,8,861.75,5,5,2,12,Loyal Donor,80.0
D00944,41,7,2398.55,5,5,3,13,Loyal Donor,86.7
D00945,167,5,919.05,4,3,2,9,Loyal Donor,60.0
D00946,459,7,1973.7,2,5,3,10,At Risk,66.7
D00947,928,1,26950.0,1,1,4,6,Lapsed,40.0
D00948,1335,1,91.8,1,1,1,3,Lapsed,20.0
D00949,479,3,212040.0,2,2,5,9,Lapsed,60.0
D00950,1000,3,126.0,1,2,1,4,Lapsed,26.7
D00951,99,6,22908.0,4,4,4,12,Champion,80.0
D00952,181,9,3381.3,3,5,3,11,Loyal Donor,73.3
D00953,199,8,1221500.0,3,5,5,13,Loyal Donor,86.7
D00954,178,7,122400.0,3,5,5,13,Loyal Donor,86.7
D00955,213,3,212.0,3,2,1,6,Promising,40.0
D00956,204,3,387.5,3,2,1,6,Promising,40.0
D00957,749,4,111470.0,1,2,5,8,Lapsed,53.3
D00958,221,6,3355.0,3,4,3,10,Loyal Donor,66.7
D00959,194,8,272060.0,3,5,5,13,Loyal Donor,86.7
D00960,303,4,1571.4,2,2,3,7,Lapsed,46.7
D00961,294,4,740.95,2,2,2,6,Lapsed,40.0
D00962,79,4,831.3,5,2,2,9,New Donor,60.0
D00963,54,3,1006.6,5,2,2,9,New Donor,60.0
D00964,110,5,628.8,4,3,2,9,Loyal Donor,60.0
D00965,531,4,106920.0,2,2,5,9,Lapsed,60.0
D00966,542,3,821.25,1,2,2,5,Lapsed,33.3
D00967,41,10,258598.0,5,5,5,15,Champion,100.0
D00968,936,1,70.2,1,1,1,3,Lapsed,20.0
D00969,786,2,861.0,1,1,2,4,Lapsed,26.7
D00970,455,3,148230.0,2,2,5,9,Lapsed,60.0
D00971,753,8,1200.8,1,5,3,9,At Risk,60.0
D00972,203,6,3024.5,3,4,3,10,Loyal Donor,66.7
D00973,39,6,189000.0,5,4,5,14,Champion,93.3
D00974,410,9,963500.0,2,5,5,12,At Risk,80.0
D00975,137,7,2400.0,4,5,3,12,Loyal Donor,80.0
D00976,146,5,3680.0,4,3,3,10,Loyal Donor,66.7
D00977,548,3,163.8,1,2,1,4,Lapsed,26.7
D00978,127,5,161700.0,4,3,5,12,Loyal Donor,80.0
D00979,92,7,633.15,5,5,2,12,Loyal Donor,80.0
D00980,758,7,239320.0,1,5,5,11,At Risk,73.3
D00981,216,1,12550.0,3,1,4,8,Promising,53.3
D00982,185,4,788.55,3,2,2,7,Promising,46.7
D00983,485,3,99900.0,2,2,4,8,Lapsed,53.3
D00984,109,4,48006.0,4,2,4,10,New Donor,66.7
D00985,1343,4,60.0,1,2,1,4,Lapsed,26.7
D00986,125,2,18025.0,4,1,4,9,New Donor,60.0
D00987,289,5,607.2,2,3,2,7,At Risk,46.7
D00988,204,4,206000.0,3,2,5,10,Potential Loyalist,66.7
D00989,774,2,181.8,1,1,1,3,Lapsed,20.0
D00990,441,10,1890.95,2,5,3,10,At Risk,66.7
D00991,213,5,504.8,3,3,2,8,Loyal Donor,53.3
D00992,1350,4,71940.0,1,2,4,7,Lapsed,46.7
D00993,472,5,772.35,2,3,2,7,At Risk,46.7
D00994,205,3,709.55,3,2,2,7,Promising,46.7
D00995,177,4,285120.0,4,2,5,11,New Donor,73.3
D00996,211,5,1082.4,3,3,2,8,Loyal Donor,53.3
D00997,81,3,65400.0,5,2,4,11,New Donor,73.3
D00998,928,1,4550.0,1,1,4,6,Lapsed,40.0
D00999,705,1,3080.0,1,1,3,5,Lapsed,33.3
D01000,151,4,158.5,4,2,1,7,New Donor,46.7
D01001,758,2,69.2,1,1,1,3,Lapsed,20.0
D01002,133,5,1422.0,4,3,3,10,Loyal Donor,66.7
D01003,150,5,151110.0,4,3,5,12,Loyal Donor,80.0
D01004,177,7,997600.0,4,5,5,14,Champion,93.3
D01005,208,5,339.15,3,3,1,7,Loyal Donor,46.7
D01006,88,6,440800.0,5,4,5,14,Champion,93.3
D01007,533,4,40080.0,1,2,4,7,Lapsed,46.7
D01008,278,7,4236.8,2,5,4,11,At Risk,73.3
D01009,82,3,699.6,5,2,2,9,New Donor,60.0
D01010,170,4,634100.0,4,2,5,11,New Donor,73.3
D01011,78,8,1083.15,5,5,2,12,Loyal Donor,80.0
D01012,957,4,595000.0,1,2,5,8,Lapsed,53.3
D01013,950,3,296.8,1,2,1,4,Lapsed,26.7
D01014,1396,2,242.2,1,1,1,3,Lapsed,20.0
D01015,40,5,232440.0,5,3,5,13,Loyal Donor,86.7
D01016,145,8,2368.8,4,5,3,12,Loyal Donor,80.0
D01017,448,5,271.0,2,3,1,6,At Risk,40.0
D01018,89,8,6580.7,5,5,4,14,Champion,93.3
D01019,177,5,240540.0,4,3,5,12,Loyal Donor,80.0
D01020,312,2,245.5,2,1,1,4,Lapsed,26.7
D01021,481,10,452760.0,2,5,5,12,At Risk,80.0
D01022,755,7,182.85,1,5,1,7,At Risk,46.7
D01023,78,9,1775.4,5,5,3,13,Loyal Donor,86.7
D01024,98,5,164840.0,4,3,5,12,Loyal Donor,80.0
D01025,230,4,68.0,3,2,1,6,Promising,40.0
D01026,161,6,345.4,4,4,1,9,Loyal Donor,60.0
D01027,59,6,58962.0,5,4,4,13,Champion,86.7
D01028,687,3,1224.0,1,2,3,6,Lapsed,40.0
D01029,740,1,26.65,1,1,1,3,Lapsed,20.0
D01030,182,2,25.5,3,1,1,5,Promising,33.3
D01031,984,3,345.6,1,2,1,4,Lapsed,26.7
D01032,98,9,2795.1,4,5,3,12,Loyal Donor,80.0
D01033,63,7,443300.0,5,5,5,15,Champion,100.0
D01034,83,2,98.5,5,1,1,7,New Donor,46.7
D01035,108,7,896.55,4,5,2,11,Loyal Donor,73.3
D01036,1115,4,737.6,1,2,2,5,Lapsed,33.3
D01037,529,3,1816.0,2,2,3,7,Lapsed,46.7
D01038,96,5,457.6,4,3,2,9,Loyal Donor,60.0
D01039,102,4,86400.0,4,2,4,10,New Donor,66.7
D01040,78,8,1085.7,5,5,2,12,Loyal Donor,80.0
D01041,119,5,601.2,4,3,2,9,Loyal Donor,60.0
D01042,456,2,80.5,2,1,1,4,Lapsed,26.7
D01043,39,5,3115.2,5,3,3,11,Loyal Donor,73.3
D01044,112,4,2940.3,4,2,3,9,New Donor,60.0
D01045,162,3,239.2,4,2,1,7,New Donor,46.7
D01046,62,5,178.2,5,3,1,9,Loyal Donor,60.0
D01047,86,6,2433.6,5,4,3,12,Loyal Donor,80.0
D01048,305,5,372.0,2,3,1,6,At Risk,40.0
D01049,150,6,995.75,4,4,2,10,Loyal Donor,66.7
D01050,184,3,35200.0,3,2,4,9,Potential Loyalist,60.0
D01051,90,5,623.3,5,3,2,10,Loyal Donor,66.7
D01052,478,2,160.5,2,1,1,4,Lapsed,26.7
D01053,127,3,503750.0,4,2,5,11,New Donor,73.3
D01054,771,5,576.0,1,3,2,6,At Risk,40.0
D01055,868,3,817.7,1,2,2,5,Lapsed,33.3
D01056,460,5,556.75,2,3,2,7,At Risk,46.7
D01057,424,3,151.65,2,2,1,5,Lapsed,33.3
D01058,484,2,175.95,2,1,1,4,Lapsed,26.7
D01059,728,6,2970.0,1,4,3,8,At Risk,53.3
D01060,108,8,5360.7,4,5,4,13,Champion,86.7
D01061,520,3,15709.0,2,2,4,8,Lapsed,53.3
D01062,141,4,362.4,4,2,1,7,New Donor,46.7
D01063,27,5,2835.5,5,3,3,11,Loyal Donor,73.3
D01064,426,1,42.0,2,1,1,4,Lapsed,26.7
D01065,200,5,504.9,3,3,2,8,Loyal Donor,53.3
D01066,470,3,2671.8,2,2,3,7,Lapsed,46.7
D01067,411,4,364.0,2,2,1,5,Lapsed,33.3
D01068,151,6,2832.5,4,4,3,11,Loyal Donor,73.3
D01069,988,1,490.0,1,1,2,4,Lapsed,26.7
D01070,206,7,47700.0,3,5,4,12,Loyal Donor,80.0
D01071,271,5,356.8,2,3,1,6,At Risk,40.0
D01072,92,8,701.15,5,5,2,12,Loyal Donor,80.0
D01073,748,5,180675.0,1,3,5,9,At Risk,60.0
D01074,457,2,28840.0,2,1,4,7,Lapsed,46.7
D01075,490,4,2546.5,2,2,3,7,Lapsed,46.7
D01076,105,2,473.2,4,1,2,7,New Donor,46.7
D01077,225,6,2016.3,3,4,3,10,Loyal Donor,66.7
D01078,1569,1,136800.0,1,1,5,7,Lapsed,46.7
D01079,269,6,880860.0,2,4,5,11,At Risk,73.3
D01080,202,12,3454.4,3,5,3,11,Loyal Donor,73.3
D01081,461,6,640.15,2,4,2,8,At Risk,53.3
D01082,193,4,751.75,3,2,2,7,Promising,46.7
D01083,41,5,1221.45,5,3,3,11,Loyal Donor,73.3
D01084,968,2,2626.0,1,1,3,5,Lapsed,33.3
D01085,719,4,907.2,1,2,2,5,Lapsed,33.3
D01086,198,7,690.0,3,5,2,10,Loyal Donor,66.7
D01087,489,2,32100.0,2,1,4,7,Lapsed,46.7
D01088,74,4,567.5,5,2,2,9,New Donor,60.0
D01089,187,5,1241.85,3,3,3,9,Loyal Donor,60.0
D01090,226,4,2032.05,3,2,3,8,Potential Loyalist,53.3
D01091,80,5,391.0,5,3,1,9,Loyal Donor,60.0
D01092,481,6,3676.5,2,4,3,9,At Risk,60.0
D01093,47,3,126.7,5,2,1,8,New Donor,53.3
D01094,106,6,1700.0,4,4,3,11,Loyal Donor,73.3
D01095,544,5,108900.0,1,3,5,9,At Risk,60.0
D01096,453,7,458.8,2,5,2,9,At Risk,60.0
D01097,760,2,436.8,1,1,1,3,Lapsed,20.0
D01098,76,6,484800.0,5,4,5,14,Champion,93.3
D01099,280,4,117040.0,2,2,5,9,Lapsed,60.0
D01100,213,6,377400.0,3,4,5,12,Loyal Donor,80.0
D01101,704,3,131560.0,1,2,5,8,Lapsed,53.3
D01102,60,6,2627.7,5,4,3,12,Loyal Donor,80.0
D01103,213,3,1064.0,3,2,2,7,Promising,46.7
D01104,215,5,397.1,3,3,1,7,Loyal Donor,46.7
D01105,448,6,3390.0,2,4,3,9,At Risk,60.0
D01106,746,4,426.6,1,2,1,4,Lapsed,26.7
D01107,180,4,434.7,3,2,1,6,Promising,40.0
D01108,95,3,817760.0,4,2,5,11,New Donor,73.3
D01109,281,2,338250.0,2,1,5,8,Lapsed,53.3
D01110,431,5,805.75,2,3,2,7,At Risk,46.7
D01111,204,5,837.2,3,3,2,8,Loyal Donor,53.3
D01112,218,4,407.0,3,2,1,6,Promising,40.0
D01113,220,5,1122.0,3,3,2,8,Loyal Donor,53.3
D01114,148,3,307.65,4,2,1,7,New Donor,46.7
D01115,80,7,1211.7,5,5,3,13,Loyal Donor,86.7
D01116,272,4,900.9,2,2,2,6,Lapsed,40.0
D01117,226,5,191840.0,3,3,5,11,Loyal Donor,73.3
D01118,71,6,757.4,5,4,2,11,Loyal Donor,73.3
D01119,475,3,474.0,2,2,2,6,Lapsed,40.0
D01120,460,4,37290.0,2,3,4,9,At Risk,60.0
D01121,296,4,678.3,2,3,2,7,At Risk,46.7
D01122,156,3,150.0,4,2,1,7,New Donor,46.7
D01123,273,1,64.3,2,1,1,4,Lapsed,26.7
D01124,98,3,387.45,4,2,1,7,New Donor,46.7
D01125,450,5,416400.0,2,3,5,10,At Risk,66.7
D01126,310,6,2995.1,2,4,3,9,At Risk,60.0
D01127,123,5,475.45,4,3,2,9,Loyal Donor,60.0
D01128,45,8,40836.0,5,5,4,14,Champion,93.3
D01129,43,8,107136.0,5,5,5,15,Champion,100.0
D01130,153,6,2228.7,4,4,3,11,Loyal Donor,73.3
D01131,144,4,1876.2,4,3,3,10,Loyal Donor,66.7
D01132,831,2,312800.0,1,1,5,7,Lapsed,46.7
D01133,192,4,122850.0,3,3,5,11,Loyal Donor,73.3
D01134,1602,1,586.0,1,1,2,4,Lapsed,26.7
D01135,530,6,319.55,2,4,1,7,At Risk,46.7
D01136,774,3,425.6,1,2,1,4,Lapsed,26.7
D01137,394,3,62.2,2,2,1,5,Lapsed,33.3
D01138,107,9,4276.35,4,5,4,13,Champion,86.7
D01139,131,8,552.5,4,5,2,11,Loyal Donor,73.3
D01140,995,4,324.0,1,3,1,5,At Risk,33.3
D01141,534,2,1854.0,1,1,3,5,Lapsed,33.3
D01142,214,4,338.8,3,3,1,7,Loyal Donor,46.7
D01143,182,6,2720.2,3,4,3,10,Loyal Donor,66.7
D01144,69,5,657800.0,5,3,5,13,Loyal Donor,86.7
D01145,99,9,1178.4,4,5,3,12,Loyal Donor,80.0
D01146,216,6,1084600.0,3,4,5,12,Loyal Donor,80.0
D01147,170,3,39066.0,4,2,4,10,New Donor,66.7
D01148,265,8,6161.25,2,5,4,11,At Risk,73.3
D01149,910,6,2251.5,1,4,3,8,At Risk,53.3
D01150,207,6,1711.2,3,4,3,10,Loyal Donor,66.7
D01151,701,4,881.1,1,3,2,6,At Risk,40.0
D01152,51,6,1478.15,5,4,3,12,Loyal Donor,80.0
D01153,310,4,763020.0,2,3,5,10,At Risk,66.7
D01154,262,5,1112.8,3,3,2,8,Loyal Donor,53.3
D01155,45,4,68244.0,5,3,4,12,Loyal Donor,80.0
D01156,124,5,82080.0,4,3,4,11,Loyal Donor,73.3
D01157,65,7,1671210.0,5,5,5,15,Champion,100.0
D01158,105,2,56304.0,4,1,4,9,New Donor,60.0
D01159,105,11,700220.0,4,5,5,14,Champion,93.3
D01160,212,4,339.3,3,3,1,7,Loyal Donor,46.7
D01161,125,3,212.4,4,2,1,7,New Donor,46.7
D01162,196,5,510.0,3,3,2,8,Loyal Donor,53.3
D01163,91,4,14784.0,5,3,4,12,Loyal Donor,80.0
D01164,167,4,297920.0,4,3,5,12,Loyal Donor,80.0
D01165,224,5,122920.0,3,3,5,11,Loyal Donor,73.3
D01166,166,6,3111.9,4,4,3,11,Loyal Donor,73.3
D01167,109,4,569.25,4,3,2,9,Loyal Donor,60.0
D01168,291,4,4291.2,2,3,4,9,At Risk,60.0
D01169,76,4,1468.1,5,3,3,11,Loyal Donor,73.3
D01170,413,2,141.75,2,1,1,4,Lapsed,26.7
D01171,228,3,532.4,3,2,2,7,Promising,46.7
D01172,756,4,414.05,1,3,1,5,At Risk,33.3
D01173,215,5,36720.0,3,3,4,10,Loyal Donor,66.7
D01174,225,4,776.6,3,3,2,8,Loyal Donor,53.3
D01175,985,2,334.0,1,1,1,3,Lapsed,20.0
D01176,194,4,180.0,3,3,1,7,Loyal Donor,46.7
D01177,98,6,1213.6,4,4,3,11,Loyal Donor,73.3
D01178,506,1,25.6,2,1,1,4,Lapsed,26.7
D01179,301,3,27713.0,2,2,4,8,Lapsed,53.3
D01180,76,4,462.4,5,3,2,10,Loyal Donor,66.7
D01181,57,6,1358.3,5,4,3,12,Loyal Donor,80.0
D01182,424,3,380.8,2,2,1,5,Lapsed,33.3
D01183,172,3,10680.0,4,2,4,10,New Donor,66.7
D01184,534,5,309000.0,1,3,5,9,At Risk,60.0
D01185,149,8,875.9,4,5,2,11,Loyal Donor,73.3
D01186,759,5,149.8,1,3,1,5,At Risk,33.3
D01187,127,8,1436.4,4,5,3,12,Loyal Donor,80.0
D01188,39,6,1551.05,5,4,3,12,Loyal Donor,80.0
D01189,422,4,71110.0,2,3,4,9,At Risk,60.0
D01190,399,2,2598.0,2,1,3,6,Lapsed,40.0
D01191,419,3,46930.0,2,2,4,8,Lapsed,53.3
D01193,269,4,920.7,2,3,2,7,At Risk,46.7
D01194,188,2,238.35,3,1,1,5,Promising,33.3
D01195,92,11,400800.0,5,5,5,15,Champion,100.0
D01196,933,3,298350.0,1,2,5,8,Lapsed,53.3
D01197,66,6,1212.1,5,4,3,12,Loyal Donor,80.0
D01198,226,6,924.6,3,4,2,9,Loyal Donor,60.0
D01199,191,6,803.0,3,4,2,9,Loyal Donor,60.0
D01200,128,2,639.0,4,1,2,7,New Donor,46.7
D01201,208,4,429.8,3,3,1,7,Loyal Donor,46.7
D01202,142,2,1012.7,4,1,2,7,New Donor,46.7
D01203,1256,2,179.6,1,1,1,3,Lapsed,20.0
D01204,815,2,742.8,1,1,2,4,Lapsed,26.7
D01205,202,5,192240.0,3,3,5,11,Loyal Donor,73.3
D01206,94,6,18100.0,5,4,4,13,Champion,86.7
D01207,62,9,20097.0,5,5,4,14,Champion,93.3
D01208,86,7,103490.0,5,5,5,15,Champion,100.0
D01209,263,8,1890140.0,2,5,5,12,At Risk,80.0
D01210,52,7,1211.25,5,5,3,13,Loyal Donor,86.7
D01211,1184,3,7259.2,1,2,4,7,Lapsed,46.7
D01212,70,7,208510.0,5,5,5,15,Champion,100.0
D01213,545,5,189600.0,1,3,5,9,At Risk,60.0
D01214,180,5,2007.9,3,3,3,9,Loyal Donor,60.0
D01215,873,2,313.8,1,1,1,3,Lapsed,20.0
D01216,525,3,288.0,2,2,1,5,Lapsed,33.3
D01217,72,3,779.2,5,2,2,9,New Donor,60.0
D01218,225,8,5952.0,3,5,4,12,Loyal Donor,80.0
D01219,405,1,26.85,2,1,1,4,Lapsed,26.7
D01220,102,4,665.95,4,3,2,9,Loyal Donor,60.0
D01221,194,1,62.7,3,1,1,5,Promising,33.3
D01222,222,7,5991.1,3,5,4,12,Loyal Donor,80.0
D01223,149,4,395.5,4,3,1,8,Loyal Donor,53.3
D01224,831,1,21350.0,1,1,4,6,Lapsed,40.0
D01225,184,3,546.75,3,2,2,7,Promising,46.7
D01226,46,6,1608.0,5,4,3,12,Loyal Donor,80.0
D01227,176,4,101297.0,4,3,5,12,Loyal Donor,80.0
D01228,147,3,12925.0,4,2,4,10,New Donor,66.7
D01229,1380,1,566000.0,1,1,5,7,Lapsed,46.7
D01230,394,3,414.75,2,2,1,5,Lapsed,33.3
D01231,1515,2,422.3,1,1,1,3,Lapsed,20.0
D01232,555,4,40.0,1,3,1,5,At Risk,33.3
D01233,1603,1,22.6,1,1,1,3,Lapsed,20.0
D01234,970,3,111800.0,1,2,5,8,Lapsed,53.3
D01235,423,6,694.4,2,4,2,8,At Risk,53.3
D01236,36,5,8568.0,5,3,4,12,Loyal Donor,80.0
D01237,756,5,29600.0,1,3,4,8,At Risk,53.3
D01238,198,3,900.45,3,2,2,7,Promising,46.7
D01239,79,9,2228.8,5,5,3,13,Loyal Donor,86.7
D01240,471,5,271.05,2,3,1,6,At Risk,40.0
D01241,131,6,1423.4,4,4,3,11,Loyal Donor,73.3
D01243,75,3,30.0,5,2,1,8,New Donor,53.3
D01244,185,7,17325.0,3,5,4,12,Loyal Donor,80.0
D01245,218,7,1382.1,3,5,3,11,Loyal Donor,73.3
D01246,178,4,4182.75,3,3,4,10,Loyal Donor,66.7
D01247,456,5,20915.0,2,3,4,9,At Risk,60.0
D01248,174,5,912.0,4,3,2,9,Loyal Donor,60.0
D01249,786,4,307300.0,1,3,5,9,At Risk,60.0
D01250,189,7,862680.0,3,5,5,13,Loyal Donor,86.7
D01251,405,8,2795310.0,2,5,5,12,At Risk,80.0
D01252,781,8,4288.6,1,5,4,10,At Risk,66.7
D01253,307,7,1001.0,2,5,2,9,At Risk,60.0
D01254,283,5,1834.8,2,3,3,8,At Risk,53.3
D01255,796,5,153140.0,1,3,5,9,At Risk,60.0
D01256,29,5,263440.0,5,3,5,13,Loyal Donor,86.7
D01257,43,4,623.7,5,3,2,10,Loyal Donor,66.7
D01258,108,2,8787.0,4,1,4,9,New Donor,60.0
D01259,875,1,38.4,1,1,1,3,Lapsed,20.0
D01260,745,4,397.9,1,3,1,5,At Risk,33.3
D01261,403,6,523.9,2,4,2,8,At Risk,53.3
D01262,290,5,622200.0,2,4,5,11,At Risk,73.3
D01263,219,3,16000.0,3,2,4,9,Potential Loyalist,60.0
D01264,761,4,158.55,1,3,1,5,At Risk,33.3
D01265,306,4,12336.0,2,3,4,9,At Risk,60.0
D01266,217,4,14152.0,3,3,4,10,Loyal Donor,66.7
D01267,173,2,168.5,4,1,1,6,New Donor,40.0
D01268,220,11,1943.7,3,5,3,11,Loyal Donor,73.3
D01269,459,1,16940.0,2,1,4,7,Lapsed,46.7
D01270,69,2,99.0,5,1,1,7,New Donor,46.7
D01271,194,5,81782.0,3,4,4,11,Loyal Donor,73.3
D01272,390,4,82620.0,2,3,4,9,At Risk,60.0
D01273,60,4,1898.4,5,3,3,11,Loyal Donor,73.3
D01274,94,2,2768.0,5,1,3,9,New Donor,60.0
D01275,522,3,514.8,2,2,2,6,Lapsed,40.0
D01276,270,6,1605.4,2,4,3,9,At Risk,60.0
D01277,884,3,315.2,1,2,1,4,Lapsed,26.7
D01278,195,5,37698.0,3,4,4,11,Loyal Donor,73.3
D01279,1276,3,330620.0,1,2,5,8,Lapsed,53.3
D01280,467,8,155589.0,2,5,5,12,At Risk,80.0
D01281,30,7,117564.0,5,5,5,15,Champion,100.0
D01282,210,5,94786.0,3,4,4,11,Loyal Donor,73.3
D01283,276,5,128100.0,2,4,5,11,At Risk,73.3
D01284,150,6,683.0,4,4,2,10,Loyal Donor,66.7
D01285,480,5,757.5,2,4,2,8,At Risk,53.3
D01286,175,6,987.45,4,4,2,10,Loyal Donor,66.7
D01287,77,4,78330.0,5,3,4,12,Loyal Donor,80.0
D01288,187,4,1013.8,3,3,2,8,Loyal Donor,53.3
D01289,185,3,434.2,3,2,1,6,Promising,40.0
D01290,196,4,688500.0,3,3,5,11,Loyal Donor,73.3
D01291,293,4,1922.25,2,3,3,8,At Risk,53.3
D01292,272,4,5186.25,2,3,4,9,At Risk,60.0
D01293,480,9,1618950.0,2,5,5,12,At Risk,80.0
D01294,86,7,2452.45,5,5,3,13,Loyal Donor,86.7
D01295,94,3,94950.0,5,2,4,11,New Donor,73.3
D01296,115,8,240165.0,4,5,5,14,Champion,93.3
D01297,44,3,582.0,5,2,2,9,New Donor,60.0
D01298,95,4,3795.0,4,3,3,10,Loyal Donor,66.7
D01299,707,4,403.1,1,3,1,5,At Risk,33.3
D01300,139,1,2415.0,4,1,3,8,New Donor,53.3
D01301,411,5,334800.0,2,4,5,11,At Risk,73.3
D01302,101,8,1278.9,4,5,3,12,Loyal Donor,80.0
D01303,85,3,42030.0,5,2,4,11,New Donor,73.3
D01304,1593,1,5310.0,1,1,4,6,Lapsed,40.0
D01305,76,7,3275.2,5,5,3,13,Loyal Donor,86.7
D01306,1566,2,151830.0,1,1,5,7,Lapsed,46.7
D01307,987,4,3561.2,1,3,3,7,At Risk,46.7
D01308,41,6,402.0,5,4,1,10,Loyal Donor,66.7
D01309,174,6,492.45,4,4,2,10,Loyal Donor,66.7
D01310,1166,2,7371.0,1,1,4,6,Lapsed,40.0
D01311,939,4,416.5,1,3,1,5,At Risk,33.3
D01312,67,5,121950.0,5,4,5,14,Champion,93.3
D01313,141,7,77500.0,4,5,4,13,Champion,86.7
D01314,733,5,841320.0,1,4,5,10,At Risk,66.7
D01315,120,5,1307.2,4,4,3,11,Loyal Donor,73.3
D01316,94,6,150390.0,5,4,5,14,Champion,93.3
D01317,184,3,1712.0,3,2,3,8,Potential Loyalist,53.3
D01318,123,6,1917.6,4,4,3,11,Loyal Donor,73.3
D01319,446,3,111416.0,2,2,5,9,Lapsed,60.0
D01320,788,3,895.2,1,2,2,5,Lapsed,33.3
D01321,543,3,151.2,1,2,1,4,Lapsed,26.7
D01322,455,4,1842.0,2,3,3,8,At Risk,53.3
D01323,684,4,666.9,1,3,2,6,At Risk,40.0
D01324,473,5,719.6,2,4,2,8,At Risk,53.3
D01325,185,5,1200.6,3,4,3,10,Loyal Donor,66.7
D01326,76,6,293480.0,5,4,5,14,Champion,93.3
D01327,115,5,306.75,4,4,1,9,Loyal Donor,60.0
D01328,30,4,487.6,5,3,2,10,Loyal Donor,66.7
D01329,438,5,77112.0,2,4,4,10,At Risk,66.7
D01330,179,7,1052100.0,3,5,5,13,Loyal Donor,86.7
D01331,157,6,318420.0,4,4,5,13,Champion,86.7
D01332,124,7,59400.0,4,5,4,13,Champion,86.7
D01333,82,7,153500.0,5,5,5,15,Champion,100.0
D01334,700,2,1809.0,1,1,3,5,Lapsed,33.3
D01335,183,5,3628.8,3,4,3,10,Loyal Donor,66.7
D01336,115,9,127779.0,4,5,5,14,Champion,93.3
D01337,131,6,3759.6,4,4,3,11,Loyal Donor,73.3
D01338,994,4,9223.2,1,3,4,8,At Risk,53.3
D01339,1552,1,83.7,1,1,1,3,Lapsed,20.0
D01340,768,5,45495.0,1,4,4,9,At Risk,60.0
D01341,191,4,303680.0,3,3,5,11,Loyal Donor,73.3
D01342,102,4,604.8,4,3,2,9,Loyal Donor,60.0
D01343,269,7,1405.8,2,5,3,10,At Risk,66.7
D01344,979,2,377520.0,1,1,5,7,Lapsed,46.7
D01345,142,7,2225.25,4,5,3,12,Loyal Donor,80.0
D01346,774,5,621.25,1,4,2,7,At Risk,46.7
D01347,51,6,112800.0,5,4,5,14,Champion,93.3
D01348,566,2,653.2,1,1,2,4,Lapsed,26.7
D01349,180,5,2213.4,3,4,3,10,Loyal Donor,66.7
D01350,263,8,3780.0,2,5,3,10,At Risk,66.7
D01351,40,4,505.05,5,3,2,10,Loyal Donor,66.7
D01352,157,1,56800.0,4,1,4,9,New Donor,60.0
D01353,749,8,618.0,1,5,2,8,At Risk,53.3
D01354,142,4,2143.6,4,3,3,10,Loyal Donor,66.7
D01355,748,2,45000.0,1,1,4,6,Lapsed,40.0
D01356,107,9,2259.9,4,5,3,12,Loyal Donor,80.0
D01357,451,3,600000.0,2,2,5,9,Lapsed,60.0
D01358,48,3,1700.6,5,2,3,10,New Donor,66.7
D01359,56,5,1441.0,5,4,3,12,Loyal Donor,80.0
D01360,748,2,312.0,1,1,1,3,Lapsed,20.0
D01361,547,4,47520.0,1,3,4,8,At Risk,53.3
D01362,983,2,51000.0,1,1,4,6,Lapsed,40.0
D01363,133,5,257600.0,4,4,5,13,Champion,86.7
D01364,187,4,729.35,3,3,2,8,Loyal Donor,53.3
D01365,888,3,164430.0,1,2,5,8,Lapsed,53.3
D01366,1357,2,441.65,1,1,1,3,Lapsed,20.0
D01367,85,6,6517.75,5,4,4,13,Champion,86.7
D01368,1309,1,98.1,1,1,1,3,Lapsed,20.0
D01369,114,7,3177.3,4,5,3,12,Loyal Donor,80.0
D01370,169,5,102834.0,4,4,5,13,Champion,86.7
D01371,222,4,10101.0,3,3,4,10,Loyal Donor,66.7
D01372,64,6,370620.0,5,4,5,14,Champion,93.3
D01373,131,7,1294710.0,4,5,5,14,Champion,93.3
D01374,184,4,1508.7,3,3,3,9,Loyal Donor,60.0
D01375,297,5,32010.0,2,4,4,10,At Risk,66.7
D01376,34,5,3381.95,5,4,3,12,Loyal Donor,80.0
D01377,89,2,253.2,5,1,1,7,New Donor,46.7
D01378,488,5,3583.6,2,4,3,9,At Risk,60.0
D01379,884,6,1156.5,1,4,3,8,At Risk,53.3
D01380,394,3,608.0,2,2,2,6,Lapsed,40.0
D01381,1675,1,7300.0,1,1,4,6,Lapsed,40.0
D01382,139,3,2655.0,4,2,3,9,New Donor,60.0
D01383,131,5,2793.9,4,4,3,11,Loyal Donor,73.3
D01384,81,7,1898.75,5,5,3,13,Loyal Donor,86.7
D01385,190,9,1401.6,3,5,3,11,Loyal Donor,73.3
D01386,531,4,5553.9,2,3,4,9,At Risk,60.0
D01387,224,7,1802.0,3,5,3,11,Loyal Donor,73.3
D01388,142,3,212.85,4,2,1,7,New Donor,46.7
D01389,36,6,1012200.0,5,4,5,14,Champion,93.3
D01390,947,2,234.9,1,1,1,3,Lapsed,20.0
D01391,316,4,92964.0,2,3,4,9,At Risk,60.0
D01392,81,4,30940.0,5,3,4,12,Loyal Donor,80.0
D01393,509,5,344400.0,2,4,5,11,At Risk,73.3
D01394,720,5,2508.6,1,4,3,8,At Risk,53.3
D01395,216,3,187.2,3,2,1,6,Promising,40.0
D01396,120,4,180780.0,4,3,5,12,Loyal Donor,80.0
D01397,61,11,3284100.0,5,5,5,15,Champion,100.0
D01398,104,5,681.2,4,4,2,10,Loyal Donor,66.7
D01399,110,6,1900.0,4,4,3,11,Loyal Donor,73.3
D01400,68,6,70278.0,5,4,4,13,Champion,86.7
D01401,51,4,75195.0,5,3,4,12,Loyal Donor,80.0
D01402,95,5,586.5,4,4,2,10,Loyal Donor,66.7
D01403,531,5,3149.0,2,4,3,9,At Risk,60.0
D01404,84,3,289.8,5,2,1,8,New Donor,53.3
D01405,533,5,764.4,1,4,2,7,At Risk,46.7
D01406,1367,3,1731.95,1,2,3,6,Lapsed,40.0
D01407,120,6,138380.0,4,4,5,13,Champion,86.7
D01408,919,3,427.2,1,2,1,4,Lapsed,26.7
D01409,214,2,9174.0,3,1,4,8,Promising,53.3
D01410,1306,2,328350.0,1,1,5,7,Lapsed,46.7
D01411,192,8,1494.25,3,5,3,11,Loyal Donor,73.3
D01412,211,3,290.0,3,2,1,6,Promising,40.0
D01413,231,5,727100.0,3,4,5,12,Loyal Donor,80.0
D01414,404,9,127182.0,2,5,5,12,At Risk,80.0
D01415,452,7,2235.9,2,5,3,10,At Risk,66.7
D01416,145,10,2452.5,4,5,3,12,Loyal Donor,80.0
D01418,202,6,202300.0,3,4,5,12,Loyal Donor,80.0
D01419,956,2,1668.6,1,1,3,5,Lapsed,33.3
D01420,969,3,1520.1,1,2,3,6,Lapsed,40.0
D01421,984,1,108.0,1,1,1,3,Lapsed,20.0
D01422,843,6,3213.6,1,4,3,8,At Risk,53.3
D01423,506,4,305440.0,2,3,5,10,At Risk,66.7
D01424,88,10,1802340.0,5,5,5,15,Champion,100.0
D01425,56,3,6150.0,5,2,4,11,New Donor,73.3
D01426,79,7,558.7,5,5,2,12,Loyal Donor,80.0
D01427,77,10,844.95,5,5,2,12,Loyal Donor,80.0
D01428,51,4,68820.0,5,3,4,12,Loyal Donor,80.0
D01429,178,7,347.8,3,5,1,9,Loyal Donor,60.0
D01430,87,9,1892.0,5,5,3,13,Loyal Donor,86.7
D01431,522,5,1820.0,2,4,3,9,At Risk,60.0
D01432,302,5,365750.0,2,4,5,11,At Risk,73.3
D01433,95,5,6651.25,4,4,4,12,Champion,80.0
D01434,52,7,573.3,5,5,2,12,Loyal Donor,80.0
D01435,60,8,1564.15,5,5,3,13,Loyal Donor,86.7
D01436,463,3,1822.8,2,2,3,7,Lapsed,46.7
D01437,85,8,949160.0,5,5,5,15,Champion,100.0
D01438,97,7,39928.0,4,5,4,13,Champion,86.7
D01439,512,1,420.0,2,1,1,4,Lapsed,26.7
D01440,103,4,316.8,4,3,1,8,Loyal Donor,53.3
D01441,210,6,250380.0,3,4,5,12,Loyal Donor,80.0
D01442,28,10,1380000.0,5,5,5,15,Champion,100.0
D01443,184,5,3168.4,3,4,3,10,Loyal Donor,66.7
D01444,34,5,25998.0,5,4,4,13,Champion,86.7
D01445,1145,1,61.4,1,1,1,3,Lapsed,20.0
D01446,86,5,80524.0,5,4,4,13,Champion,86.7
D01447,816,3,214500.0,1,2,5,8,Lapsed,53.3
D01448,944,3,122230.0,1,2,5,8,Lapsed,53.3
D01449,189,5,764.0,3,4,2,9,Loyal Donor,60.0
D01450,222,2,189.0,3,1,1,5,Promising,33.3
D01451,34,6,670.8,5,4,2,11,Loyal Donor,73.3
D01452,744,2,196.8,1,1,1,3,Lapsed,20.0
D01453,1165,3,175.95,1,2,1,4,Lapsed,26.7
D01454,80,2,317200.0,5,1,5,11,New Donor,73.3
D01455,108,5,4766.85,4,4,4,12,Champion,80.0
D01456,290,6,628.0,2,4,2,8,At Risk,53.3
D01457,107,5,49755.0,4,4,4,12,Champion,80.0
D01458,223,4,1308.15,3,3,3,9,Loyal Donor,60.0
D01459,177,4,1968.2,4,3,3,10,Loyal Donor,66.7
D01460,161,7,1139.6,4,5,2,11,Loyal Donor,73.3
D01461,120,3,245.0,4,2,1,7,New Donor,46.7
D01462,286,5,205.0,2,4,1,7,At Risk,46.7
D01463,64,7,3828.0,5,5,4,14,Champion,93.3
D01464,215,4,1331.85,3,3,3,9,Loyal Donor,60.0
D01465,738,3,781.65,1,2,2,5,Lapsed,33.3
D01466,508,6,61845.0,2,4,4,10,At Risk,66.7
D01467,136,8,2563.1,4,5,3,12,Loyal Donor,80.0
D01468,83,9,2851.75,5,5,3,13,Loyal Donor,86.7
D01469,475,4,1542.75,2,3,3,8,At Risk,53.3
D01470,153,3,255500.0,4,2,5,11,New Donor,73.3
D01471,102,4,716.4,4,3,2,9,Loyal Donor,60.0
D01472,888,6,1324300.0,1,4,5,10,At Risk,66.7
D01473,223,5,532.1,3,4,2,9,Loyal Donor,60.0
D01474,958,4,498.75,1,3,2,6,At Risk,40.0
D01475,227,2,264.6,3,1,1,5,Promising,33.3
D01476,38,3,280.5,5,2,1,8,New Donor,53.3
D01477,476,7,442.0,2,5,1,8,At Risk,53.3
D01478,468,3,30.0,2,2,1,5,Lapsed,33.3
D01479,403,9,2538.0,2,5,3,10,At Risk,66.7
D01480,185,9,4575.3,3,5,4,12,Loyal Donor,80.0
D01481,721,3,84.0,1,2,1,4,Lapsed,26.7
D01482,754,5,1770300.0,1,4,5,10,At Risk,66.7
D01483,186,4,9271.0,3,3,4,10,Loyal Donor,66.7
D01484,217,2,561.0,3,1,2,6,Promising,40.0
D01485,304,5,1400.1,2,4,3,9,At Risk,60.0
D01486,198,7,4221.7,3,5,4,12,Loyal Donor,80.0
D01487,708,5,1305.0,1,4,3,8,At Risk,53.3
D01488,126,4,1138.2,4,3,2,9,Loyal Donor,60.0
D01489,60,4,946.0,5,3,2,10,Loyal Donor,66.7
D01490,103,7,444000.0,4,5,5,14,Champion,93.3
D01491,32,5,3315.0,5,4,3,12,Loyal Donor,80.0
D01492,175,6,10689.3,4,4,4,12,Champion,80.0
D01493,222,5,961.6,3,4,2,9,Loyal Donor,60.0
D01494,196,5,6434.7,3,4,4,11,Loyal Donor,73.3
D01495,477,3,919.8,2,2,2,6,Lapsed,40.0
D01496,454,7,101461.0,2,5,5,12,At Risk,80.0
D01497,83,1,32700.0,5,1,4,10,New Donor,66.7
D01498,406,5,773.45,2,4,2,8,At Risk,53.3
D01499,1544,3,408.85,1,2,1,4,Lapsed,26.7
D01500,37,4,5464.8,5,3,4,12,Loyal Donor,80.0
D01501,544,6,1228590.0,1,4,5,10,At Risk,66.7
D01502,1163,4,35910.0,1,3,4,8,At Risk,53.3
D01503,460,4,30450.0,2,3,4,9,At Risk,60.0
D01504,197,7,1561.5,3,5,3,11,Loyal Donor,73.3
D01505,473,3,242250.0,2,2,5,9,Lapsed,60.0
D01506,474,4,181220.0,2,3,5,10,At Risk,66.7
D01507,54,7,590100.0,5,5,5,15,Champion,100.0
D01508,221,5,5355.0,3,4,4,11,Loyal Donor,73.3
D01509,692,2,617.4,1,1,2,4,Lapsed,26.7
D01510,29,6,1474.0,5,4,3,12,Loyal Donor,80.0
D01511,163,2,246.6,4,1,1,6,New Donor,40.0
D01512,26,6,1242.0,5,4,3,12,Loyal Donor,80.0
D01513,41,5,1016.8,5,4,2,11,Loyal Donor,73.3
D01514,83,5,1037.5,5,4,2,11,Loyal Donor,73.3
D01515,303,3,190.0,2,2,1,5,Lapsed,33.3
D01516,103,9,3124.2,4,5,3,12,Loyal Donor,80.0
D01517,947,2,14240.0,1,1,4,6,Lapsed,40.0
D01518,105,4,286.0,4,3,1,8,Loyal Donor,53.3
D01519,1444,4,1171.6,1,3,3,7,At Risk,46.7
D01520,79,3,202.95,5,2,1,8,New Donor,53.3
D01521,892,4,93750.0,1,3,4,8,At Risk,53.3
D01522,810,7,2302.8,1,5,3,9,At Risk,60.0
D01523,470,2,31980.0,2,1,4,7,Lapsed,46.7
D01524,88,5,284.55,5,4,1,10,Loyal Donor,66.7
D01525,224,6,2132.0,3,4,3,10,Loyal Donor,66.7
D01526,55,3,41832.0,5,2,4,11,New Donor,73.3
D01527,168,5,539.7,4,4,2,10,Loyal Donor,66.7
D01528,197,4,582650.0,3,3,5,11,Loyal Donor,73.3
D01529,93,4,3491.6,5,3,3,11,Loyal Donor,73.3
D01530,177,5,8416.8,4,4,4,12,Champion,80.0
D01531,67,10,3366.0,5,5,3,13,Loyal Donor,86.7
D01532,149,7,2334.3,4,5,3,12,Loyal Donor,80.0
D01533,112,8,488.0,4,5,2,11,Loyal Donor,73.3
D01534,949,5,34020.0,1,4,4,9,At Risk,60.0
D01535,65,5,76096.0,5,4,4,13,Champion,86.7
D01536,84,9,777.0,5,5,2,12,Loyal Donor,80.0
D01537,149,5,2182.05,4,4,3,11,Loyal Donor,73.3
D01538,193,5,2353.35,3,4,3,10,Loyal Donor,66.7
D01539,907,4,475.75,1,3,2,6,At Risk,40.0
D01540,27,4,484750.0,5,3,5,13,Loyal Donor,86.7
D01541,394,2,211.5,2,1,1,4,Lapsed,26.7
D01542,669,7,725.0,1,5,2,8,At Risk,53.3
D01543,211,2,49.5,3,1,1,5,Promising,33.3
D01544,168,4,4725.6,4,3,4,11,Loyal Donor,73.3
D01545,227,3,250500.0,3,2,5,10,Potential Loyalist,66.7
D01546,958,3,143.85,1,2,1,4,Lapsed,26.7
D01547,184,6,116856.0,3,4,5,12,Loyal Donor,80.0
D01548,290,4,139260.0,2,3,5,10,At Risk,66.7
D01549,428,7,1043.25,2,5,2,9,At Risk,60.0
D01550,197,3,81.9,3,2,1,6,Promising,40.0
D01551,133,4,11873.0,4,3,4,11,Loyal Donor,73.3
D01552,189,5,1732.5,3,4,3,10,Loyal Donor,66.7
D01553,146,5,518100.0,4,4,5,13,Champion,86.7
D01554,114,5,116160.0,4,4,5,13,Champion,86.7
D01555,179,4,1601.6,3,3,3,9,Loyal Donor,60.0
D01556,390,3,31360.0,2,2,4,8,Lapsed,53.3
D01557,208,6,3684.1,3,4,3,10,Loyal Donor,66.7
D01558,189,6,232400.0,3,4,5,12,Loyal Donor,80.0
D01559,1379,3,102480.0,1,2,5,8,Lapsed,53.3
D01560,70,5,5550.0,5,4,4,13,Champion,86.7
D01561,83,3,591.5,5,2,2,9,New Donor,60.0
D01562,217,3,386.75,3,2,1,6,Promising,40.0
D01563,182,7,2430.0,3,5,3,11,Loyal Donor,73.3
D01564,456,7,39560.0,2,5,4,11,At Risk,73.3
D01565,175,5,86296.0,4,4,4,12,Champion,80.0
D01566,67,6,511.85,5,4,2,11,Loyal Donor,73.3
D01567,215,6,250880.0,3,4,5,12,Loyal Donor,80.0
D01568,108,5,1471.2,4,4,3,11,Loyal Donor,73.3
D01569,292,9,12549.05,2,5,4,11,At Risk,73.3
D01570,195,1,141200.0,3,1,5,9,Promising,60.0
D01571,222,7,190050.0,3,5,5,13,Loyal Donor,86.7
D01572,182,7,1238.0,3,5,3,11,Loyal Donor,73.3
D01573,576,5,1329.4,1,4,3,8,At Risk,53.3
D01574,150,5,1798.5,4,4,3,11,Loyal Donor,73.3
D01575,1582,4,62511.0,1,3,4,8,At Risk,53.3
D01576,60,3,3397.6,5,2,3,10,New Donor,66.7
D01577,211,5,2546.7,3,4,3,10,Loyal Donor,66.7
D01578,181,6,661.5,3,4,2,9,Loyal Donor,60.0
D01579,223,5,60229.0,3,4,4,11,Loyal Donor,73.3
D01580,86,4,370.8,5,3,1,9,Loyal Donor,60.0
D01581,395,7,628.75,2,5,2,9,At Risk,60.0
D01582,203,5,7830.0,3,4,4,11,Loyal Donor,73.3
D01583,1659,1,22900.0,1,1,4,6,Lapsed,40.0
D01584,188,4,1195.2,3,3,3,9,Loyal Donor,60.0
D01585,180,3,51920.0,3,2,4,9,Potential Loyalist,60.0
D01586,69,6,776.25,5,4,2,11,Loyal Donor,73.3
D01587,869,3,178800.0,1,2,5,8,Lapsed,53.3
D01588,180,7,2098.4,3,5,3,11,Loyal Donor,73.3
D01589,188,6,243.0,3,4,1,8,Loyal Donor,53.3
D01590,70,9,84303.0,5,5,4,14,Champion,93.3
D01591,61,7,1145.6,5,5,3,13,Loyal Donor,86.7
D01592,734,1,57900.0,1,1,4,6,Lapsed,40.0
D01593,213,6,98049.0,3,4,4,11,Loyal Donor,73.3
D01594,229,7,421.95,3,5,1,9,Loyal Donor,60.0
D01595,113,3,237720.0,4,2,5,11,New Donor,73.3
D01596,464,7,19929.0,2,5,4,11,At Risk,73.3
D01597,89,11,5899.6,5,5,4,14,Champion,93.3
D01598,108,3,1228500.0,4,2,5,11,New Donor,73.3
D01599,468,4,1362.3,2,3,3,8,At Risk,53.3
D01600,79,5,1081.5,5,4,2,11,Loyal Donor,73.3
D01601,786,2,324.1,1,1,1,3,Lapsed,20.0
D01602,179,5,1369.4,3,4,3,10,Loyal Donor,66.7
D01603,229,3,255150.0,3,2,5,10,Potential Loyalist,66.7
D01604,195,4,387760.0,3,3,5,11,Loyal Donor,73.3
D01605,442,3,7700.0,2,2,4,8,Lapsed,53.3
D01606,742,1,20350.0,1,1,4,6,Lapsed,40.0
D01607,225,7,198000.0,3,5,5,13,Loyal Donor,86.7
D01608,107,8,83895.0,4,5,4,13,Champion,86.7
D01609,67,2,33670.0,5,1,4,10,New Donor,66.7
D01610,215,5,777.6,3,4,2,9,Loyal Donor,60.0
D01611,203,6,58650.0,3,4,4,11,Loyal Donor,73.3
D01612,63,4,860.0,5,3,2,10,Loyal Donor,66.7
D01613,81,3,486.75,5,2,2,9,New Donor,60.0
D01614,213,4,603.75,3,3,2,8,Loyal Donor,53.3
D01615,561,2,2715.0,1,1,3,5,Lapsed,33.3
D01616,51,7,779.8,5,5,2,12,Loyal Donor,80.0
D01617,746,5,892.4,1,4,2,7,At Risk,46.7
D01618,769,9,332100.0,1,5,5,11,At Risk,73.3
D01619,141,4,605.0,4,3,2,9,Loyal Donor,60.0
D01620,212,5,3153.15,3,4,3,10,Loyal Donor,66.7
D01621,132,5,7807.6,4,4,4,12,Champion,80.0
D01622,162,5,2719.15,4,4,3,11,Loyal Donor,73.3
D01623,1278,2,55692.0,1,1,4,6,Lapsed,40.0
D01624,74,11,34181.0,5,5,4,14,Champion,93.3
D01625,760,4,98406.0,1,3,4,8,At Risk,53.3
D01626,225,5,47128.0,3,4,4,11,Loyal Donor,73.3
D01628,938,1,48.1,1,1,1,3,Lapsed,20.0
D01629,801,7,1178.0,1,5,3,9,At Risk,60.0
D01630,130,4,1825.2,4,3,3,10,Loyal Donor,66.7
D01631,125,8,4994.95,4,5,4,13,Champion,86.7
D01632,222,4,1144.0,3,3,3,9,Loyal Donor,60.0
D01633,931,4,4454.1,1,3,4,8,At Risk,53.3
D01634,152,4,819.0,4,3,2,9,Loyal Donor,60.0
D01635,98,7,634.0,4,5,2,11,Loyal Donor,73.3
D01636,54,5,68136.0,5,4,4,13,Champion,86.7
D01637,455,4,4750.8,2,3,4,9,At Risk,60.0
D01638,465,5,169500.0,2,4,5,11,At Risk,73.3
D01639,127,4,113.1,4,3,1,8,Loyal Donor,53.3
D01640,514,4,889.2,2,3,2,7,At Risk,46.7
D01641,76,6,40071.0,5,4,4,13,Champion,86.7
D01642,713,5,61880.0,1,4,4,9,At Risk,60.0
D01643,273,3,350.0,2,2,1,5,Lapsed,33.3
D01644,173,3,102.25,4,2,1,7,New Donor,46.7
D01645,544,2,797.65,1,1,2,4,Lapsed,26.7
D01646,520,3,712.6,2,2,2,6,Lapsed,40.0
D01647,207,6,1853.1,3,4,3,10,Loyal Donor,66.7
D01648,459,5,605800.0,2,4,5,11,At Risk,73.3
D01649,68,3,40.0,5,2,1,8,New Donor,53.3
D01650,223,6,52725.0,3,4,4,11,Loyal Donor,73.3
D01651,148,5,222099.0,4,4,5,13,Champion,86.7
D01652,203,4,91310.0,3,3,4,10,Loyal Donor,66.7
D01653,269,7,1643.2,2,5,3,10,At Risk,66.7
D01654,111,6,839.85,4,4,2,10,Loyal Donor,66.7
D01655,142,4,2552.0,4,3,3,10,Loyal Donor,66.7
D01656,223,3,341.55,3,2,1,6,Promising,40.0
D01657,184,6,1348.75,3,4,3,10,Loyal Donor,66.7
D01658,179,8,2815.35,3,5,3,11,Loyal Donor,73.3
D01659,925,4,11916.0,1,3,4,8,At Risk,53.3
D01660,263,2,250.8,2,1,1,4,Lapsed,26.7
D01661,276,6,880500.0,2,4,5,11,At Risk,73.3
D01662,119,5,4623.0,4,4,4,12,Champion,80.0
D01663,985,4,78384.0,1,3,4,8,At Risk,53.3
D01664,775,3,2636.8,1,2,3,6,Lapsed,40.0
D01665,191,4,19223.0,3,3,4,10,Loyal Donor,66.7
D01666,186,5,6543.6,3,4,4,11,Loyal Donor,73.3
D01667,174,5,963.7,4,4,2,10,Loyal Donor,66.7
D01668,214,5,2502720.0,3,4,5,12,Loyal Donor,80.0
D01669,494,6,192655.0,2,4,5,11,At Risk,73.3
D01670,226,5,142800.0,3,4,5,12,Loyal Donor,80.0
D01671,132,6,822.0,4,4,2,10,Loyal Donor,66.7
D01672,395,5,3407.4,2,4,3,9,At Risk,60.0
D01673,951,1,85.8,1,1,1,3,Lapsed,20.0
D01674,196,9,2473.8,3,5,3,11,Loyal Donor,73.3
D01675,449,5,108160.0,2,4,5,11,At Risk,73.3
D01676,98,7,169000.0,4,5,5,14,Champion,93.3
D01677,1155,4,3697.25,1,3,3,7,At Risk,46.7
D01678,881,2,159250.0,1,1,5,7,Lapsed,46.7
D01679,519,4,343.2,2,3,1,6,At Risk,40.0
D01680,98,5,4935.6,4,4,4,12,Champion,80.0
D01681,148,3,953.75,4,2,2,8,New Donor,53.3
D01682,50,9,1113.0,5,5,2,12,Loyal Donor,80.0
D01683,151,7,2711.8,4,5,3,12,Loyal Donor,80.0
D01684,171,9,834.7,4,5,2,11,Loyal Donor,73.3
D01685,462,6,115275.0,2,4,5,11,At Risk,73.3
D01686,766,2,264.6,1,1,1,3,Lapsed,20.0
D01687,56,6,3196.0,5,4,3,12,Loyal Donor,80.0
D01688,68,3,224.9,5,2,1,8,New Donor,53.3
D01689,298,4,415000.0,2,3,5,10,At Risk,66.7
D01690,449,3,190200.0,2,2,5,9,Lapsed,60.0
D01691,57,5,575250.0,5,4,5,14,Champion,93.3
D01692,166,4,494.95,4,3,2,9,Loyal Donor,60.0
D01693,547,2,173.1,1,1,1,3,Lapsed,20.0
D01694,540,2,132750.0,1,1,5,7,Lapsed,46.7
D01695,479,7,58485.0,2,5,4,11,At Risk,73.3
D01696,104,6,926120.0,4,4,5,13,Champion,86.7
D01697,74,4,179920.0,5,3,5,13,Loyal Donor,86.7
D01698,71,6,174.0,5,4,1,10,Loyal Donor,66.7
D01699,202,4,125560.0,3,3,5,11,Loyal Donor,73.3
D01700,538,2,416.3,1,1,1,3,Lapsed,20.0
D01701,120,8,117936.0,4,5,5,14,Champion,93.3
D01702,460,6,1268.2,2,4,3,9,At Risk,60.0
D01703,542,2,74200.0,1,1,4,6,Lapsed,40.0
D01704,61,5,395.2,5,4,1,10,Loyal Donor,66.7
D01705,816,2,65550.0,1,1,4,6,Lapsed,40.0
D01706,204,8,1516.2,3,5,3,11,Loyal Donor,73.3
D01707,417,10,1302.6,2,5,3,10,At Risk,66.7
D01708,56,7,1788.4,5,5,3,13,Loyal Donor,86.7
D01709,988,4,37510.0,1,3,4,8,At Risk,53.3
D01710,56,5,1516320.0,5,4,5,14,Champion,93.3
D01711,699,5,897.25,1,4,2,7,At Risk,46.7
D01712,269,6,5045.1,2,4,4,10,At Risk,66.7
D01713,154,5,3429.0,4,4,3,11,Loyal Donor,73.3
D01714,66,2,81.9,5,1,1,7,New Donor,46.7
D01715,302,6,110.0,2,4,1,7,At Risk,46.7
D01716,173,5,435.0,4,4,1,9,Loyal Donor,60.0
D01717,224,3,600.95,3,2,2,7,Promising,46.7
D01718,98,9,3349.5,4,5,3,12,Loyal Donor,80.0
D01719,279,3,393.3,2,2,1,5,Lapsed,33.3
D01720,818,2,363.3,1,1,1,3,Lapsed,20.0
D01721,478,4,401850.0,2,3,5,10,At Risk,66.7
D01722,163,9,186480.0,4,5,5,14,Champion,93.3
D01723,59,7,1878.6,5,5,3,13,Loyal Donor,86.7
D01724,181,7,2097.45,3,5,3,11,Loyal Donor,73.3
D01725,94,1,109.05,5,1,1,7,New Donor,46.7
D01726,737,3,187.2,1,2,1,4,Lapsed,26.7
D01727,33,5,1021.7,5,4,2,11,Loyal Donor,73.3
D01728,978,6,1524.6,1,4,3,8,At Risk,53.3
D01729,999,4,24035.0,1,3,4,8,At Risk,53.3
D01730,1541,1,249.0,1,1,1,3,Lapsed,20.0
D01731,77,8,607600.0,5,5,5,15,Champion,100.0
D01732,67,3,4350.0,5,2,4,11,New Donor,73.3
D01733,467,2,105500.0,2,1,5,8,Lapsed,53.3
D01734,122,7,574.2,4,5,2,11,Loyal Donor,73.3
D01735,91,2,354200.0,5,1,5,11,New Donor,73.3
D01736,101,5,78000.0,4,4,4,12,Champion,80.0
D01737,151,9,137495.0,4,5,5,14,Champion,93.3
D01738,931,7,197340.0,1,5,5,11,At Risk,73.3
D01739,78,8,5545.8,5,5,4,14,Champion,93.3
D01740,744,4,471.45,1,3,2,6,At Risk,40.0
D01741,455,3,79800.0,2,2,4,8,Lapsed,53.3
D01742,402,6,1695.6,2,4,3,9,At Risk,60.0
D01743,288,3,508.5,2,2,2,6,Lapsed,40.0
D01744,912,2,546.4,1,1,2,4,Lapsed,26.7
D01745,180,3,1209.6,3,2,3,8,Potential Loyalist,53.3
D01746,76,4,434.2,5,3,1,9,Loyal Donor,60.0
D01747,211,4,236.8,3,3,1,7,Loyal Donor,46.7
D01748,698,8,3104.4,1,5,3,9,At Risk,60.0
D01749,225,3,611.25,3,2,2,7,Promising,46.7
D01750,408,2,1326.0,2,1,3,6,Lapsed,40.0
D01751,562,3,3062.5,1,2,3,6,Lapsed,40.0
D01752,106,7,2310.0,4,5,3,12,Loyal Donor,80.0
D01753,53,5,287100.0,5,4,5,14,Champion,93.3
D01754,755,4,924000.0,1,3,5,9,At Risk,60.0
D01755,111,4,6105.0,4,3,4,11,Loyal Donor,73.3
D01756,156,8,55692.0,4,5,4,13,Champion,86.7
D01757,201,6,1893.75,3,4,3,10,Loyal Donor,66.7
D01758,151,7,48438.0,4,5,4,13,Champion,86.7
D01759,34,6,2498.85,5,4,3,12,Loyal Donor,80.0
D01760,475,8,345.6,2,5,1,8,At Risk,53.3
D01761,532,5,424110.0,2,4,5,11,At Risk,73.3
D01762,30,8,1596.2,5,5,3,13,Loyal Donor,86.7
D01763,177,8,3915.9,4,5,4,13,Champion,86.7
D01764,192,8,2165.8,3,5,3,11,Loyal Donor,73.3
D01765,190,5,217.1,3,4,1,8,Loyal Donor,53.3
D01766,205,5,237600.0,3,4,5,12,Loyal Donor,80.0
D01767,116,6,652800.0,4,4,5,13,Champion,86.7
D01768,466,5,984.25,2,4,2,8,At Risk,53.3
D01769,208,4,1089.0,3,3,2,8,Loyal Donor,53.3
D01770,434,7,504850.0,2,5,5,12,At Risk,80.0
D01771,191,4,275.0,3,3,1,7,Loyal Donor,46.7
D01772,745,2,111.0,1,1,1,3,Lapsed,20.0
D01773,460,5,81048.0,2,4,4,10,At Risk,66.7
D01774,204,5,2000.0,3,4,3,10,Loyal Donor,66.7
D01775,187,2,72.1,3,1,1,5,Promising,33.3
D01776,128,5,1377.6,4,4,3,11,Loyal Donor,73.3
D01777,484,2,463.2,2,1,2,5,Lapsed,33.3
D01778,188,3,144540.0,3,2,5,10,Potential Loyalist,66.7
D01779,205,4,288.0,3,3,1,7,Loyal Donor,46.7
D01780,212,4,965.0,3,3,2,8,Loyal Donor,53.3
D01781,191,5,901.8,3,4,2,9,Loyal Donor,60.0
D01782,181,9,321600.0,3,5,5,13,Loyal Donor,86.7
D01783,66,10,1821.3,5,5,3,13,Loyal Donor,86.7
D01784,410,4,1881.6,2,3,3,8,At Risk,53.3
D01785,208,2,388.05,3,1,1,5,Promising,33.3
D01786,951,4,658950.0,1,3,5,9,At Risk,60.0
D01787,33,5,94600.0,5,4,4,13,Champion,86.7
D01788,973,2,88500.0,1,1,4,6,Lapsed,40.0
D01789,37,11,1374.6,5,5,3,13,Loyal Donor,86.7
D01790,491,5,233.25,2,4,1,7,At Risk,46.7
D01791,42,4,69290.0,5,3,4,12,Loyal Donor,80.0
D01792,316,5,504000.0,2,4,5,11,At Risk,73.3
D01793,207,3,334.4,3,2,1,6,Promising,40.0
D01794,451,6,4176.25,2,4,4,10,At Risk,66.7
D01795,223,3,729.35,3,2,2,7,Promising,46.7
D01796,161,5,4457.4,4,4,4,12,Champion,80.0
D01797,808,3,153920.0,1,2,5,8,Lapsed,53.3
D01798,206,8,99696.0,3,5,4,12,Loyal Donor,80.0
D01799,71,6,691900.0,5,4,5,14,Champion,93.3
D01800,118,4,687.3,4,3,2,9,Loyal Donor,60.0
D01801,128,5,2993.35,4,4,3,11,Loyal Donor,73.3
D01802,754,6,1497.3,1,4,3,8,At Risk,53.3
D01803,470,4,390.75,2,3,1,6,At Risk,40.0
D01804,227,6,4171.5,3,4,4,11,Loyal Donor,73.3
D01805,118,5,54600.0,4,4,4,12,Champion,80.0
D01806,453,2,147630.0,2,1,5,8,Lapsed,53.3
D01807,95,5,1027.8,4,4,2,10,Loyal Donor,66.7
D01808,505,3,542250.0,2,2,5,9,Lapsed,60.0
D01809,477,4,1182600.0,2,3,5,10,At Risk,66.7
D01810,515,4,1824.0,2,3,3,8,At Risk,53.3
D01811,170,3,442.5,4,2,1,7,New Donor,46.7
D01812,966,5,424830.0,1,4,5,10,At Risk,66.7
D01813,106,4,4981.0,4,3,4,11,Loyal Donor,73.3
D01814,225,6,288960.0,3,4,5,12,Loyal Donor,80.0
D01815,182,2,178920.0,3,1,5,9,Promising,60.0
D01816,201,5,669.3,3,4,2,9,Loyal Donor,60.0
D01817,509,5,2437.8,2,4,3,9,At Risk,60.0
D01818,97,3,386.4,4,2,1,7,New Donor,46.7
D01819,1300,4,281350.0,1,3,5,9,At Risk,60.0
D01820,210,5,2243.7,3,4,3,10,Loyal Donor,66.7
D01821,102,8,1203.4,4,5,3,12,Loyal Donor,80.0
D01822,84,6,103785.0,5,4,5,14,Champion,93.3
D01823,293,2,14500.0,2,1,4,7,Lapsed,46.7
D01824,76,7,70908.0,5,5,4,14,Champion,93.3
D01825,142,3,652.5,4,2,2,8,New Donor,53.3
D01826,230,5,1963.7,3,4,3,10,Loyal Donor,66.7
D01827,115,6,3303.1,4,4,3,11,Loyal Donor,73.3
D01828,194,9,293560.0,3,5,5,13,Loyal Donor,86.7
D01829,124,8,358.05,4,5,1,10,Loyal Donor,66.7
D01830,222,6,5034.4,3,4,4,11,Loyal Donor,73.3
D01831,133,6,843.75,4,4,2,10,Loyal Donor,66.7
D01832,475,4,316800.0,2,3,5,10,At Risk,66.7
D01833,751,2,337.2,1,1,1,3,Lapsed,20.0
D01834,136,3,292.8,4,2,1,7,New Donor,46.7
D01835,30,6,384580.0,5,4,5,14,Champion,93.3
D01836,143,5,3730.25,4,4,3,11,Loyal Donor,73.3
D01837,976,6,424080.0,1,4,5,10,At Risk,66.7
D01838,141,4,764.15,4,3,2,9,Loyal Donor,60.0
D01839,29,11,1544400.0,5,5,5,15,Champion,100.0
D01840,214,3,2501.2,3,2,3,8,Potential Loyalist,53.3
D01842,459,2,197.6,2,1,1,4,Lapsed,26.7
D01843,277,6,3111.5,2,4,3,9,At Risk,60.0
D01844,265,8,1724.4,2,5,3,10,At Risk,66.7
D01845,179,5,444.6,3,4,1,8,Loyal Donor,53.3
D01846,104,4,1180.65,4,3,3,10,Loyal Donor,66.7
D01847,84,7,3314.85,5,5,3,13,Loyal Donor,86.7
D01848,392,2,21268.0,2,1,4,7,Lapsed,46.7
D01849,695,2,5060.0,1,1,4,6,Lapsed,40.0
D01850,145,3,859.3,4,2,2,8,New Donor,53.3
D01851,486,4,1603.8,2,3,3,8,At Risk,53.3
D01852,697,3,312.8,1,2,1,4,Lapsed,26.7
D01853,166,7,324.5,4,5,1,10,Loyal Donor,66.7
D01854,1489,2,413.7,1,1,1,3,Lapsed,20.0
D01855,180,6,868.5,3,4,2,9,Loyal Donor,60.0
D01856,1211,1,298.0,1,1,1,3,Lapsed,20.0
D01857,981,3,740.6,1,2,2,5,Lapsed,33.3
D01858,84,6,240.35,5,4,1,10,Loyal Donor,66.7
D01859,792,1,42.7,1,1,1,3,Lapsed,20.0
D01860,213,4,1030320.0,3,3,5,11,Loyal Donor,73.3
D01861,116,5,1985.6,4,4,3,11,Loyal Donor,73.3
D01862,63,7,1797.4,5,5,3,13,Loyal Donor,86.7
D01863,45,5,490350.0,5,4,5,14,Champion,93.3
D01864,126,6,1472.25,4,4,3,11,Loyal Donor,73.3
D01865,214,7,4176.0,3,5,4,12,Loyal Donor,80.0
D01866,448,4,1201.2,2,3,3,8,At Risk,53.3
D01867,64,4,780.0,5,3,2,10,Loyal Donor,66.7
D01868,170,9,2362.95,4,5,3,12,Loyal Donor,80.0
D01869,481,1,1142.0,2,1,2,5,Lapsed,33.3
D01870,180,5,455.0,3,4,2,9,Loyal Donor,60.0
D01871,307,5,888.0,2,4,2,8,At Risk,53.3
D01872,938,3,21756.0,1,2,4,7,Lapsed,46.7
D01873,452,3,2107.5,2,2,3,7,Lapsed,46.7
D01874,514,3,450000.0,2,2,5,9,Lapsed,60.0
D01875,280,5,202400.0,2,4,5,11,At Risk,73.3
D01876,72,5,316.8,5,4,1,10,Loyal Donor,66.7
D01877,163,7,951.35,4,5,2,11,Loyal Donor,73.3
D01878,407,2,659.4,2,1,2,5,Lapsed,33.3
D01879,107,3,54720.0,4,2,4,10,New Donor,66.7
D01880,181,9,1604.3,3,5,3,11,Loyal Donor,73.3
D01881,191,7,7659.95,3,5,4,12,Loyal Donor,80.0
D01882,506,4,296.0,2,3,1,6,At Risk,40.0
D01883,151,5,428.45,4,4,1,9,Loyal Donor,60.0
D01884,145,4,526.35,4,3,2,9,Loyal Donor,60.0
D01885,96,7,277840.0,4,5,5,14,Champion,93.3
D01886,108,3,6420.0,4,2,4,10,New Donor,66.7
D01887,88,7,1251.0,5,5,3,13,Loyal Donor,86.7
D01888,207,4,1300.75,3,3,3,9,Loyal Donor,60.0
D01889,435,5,1082.0,2,4,2,8,At Risk,53.3
D01890,750,1,80.2,1,1,1,3,Lapsed,20.0
D01891,120,3,369.2,4,2,1,7,New Donor,46.7
D01893,532,6,235.4,2,4,1,7,At Risk,46.7
D01894,57,2,96600.0,5,1,4,10,New Donor,66.7
D01895,282,3,268.2,2,2,1,5,Lapsed,33.3
D01896,68,7,3505.2,5,5,3,13,Loyal Donor,86.7
D01897,71,5,945.45,5,4,2,11,Loyal Donor,73.3
D01898,457,6,1014.75,2,4,2,8,At Risk,53.3
D01899,190,12,4541.25,3,5,4,12,Loyal Donor,80.0
D01900,1441,2,397.35,1,1,1,3,Lapsed,20.0
D01901,530,4,5832.0,2,3,4,9,At Risk,60.0
D01902,576,5,925.3,1,4,2,7,At Risk,46.7
D01903,194,5,717.5,3,4,2,9,Loyal Donor,60.0
D01904,173,5,1027.2,4,4,2,10,Loyal Donor,66.7
D01905,189,6,1292400.0,3,4,5,12,Loyal Donor,80.0
D01906,268,6,1494.0,2,4,3,9,At Risk,60.0
D01907,177,7,700000.0,4,5,5,14,Champion,93.3
D01908,939,1,3130.0,1,1,3,5,Lapsed,33.3
D01910,974,5,1044.9,1,4,2,7,At Risk,46.7
D01911,172,10,94250.0,4,5,4,13,Champion,86.7
D01912,216,4,116480.0,3,3,5,11,Loyal Donor,73.3
D01913,173,7,35836.0,4,5,4,13,Champion,86.7
D01914,439,3,438.1,2,2,1,5,Lapsed,33.3
D01915,202,1,13600.0,3,1,4,8,Promising,53.3
D01916,530,4,1287.9,2,3,3,8,At Risk,53.3
D01917,84,2,414.15,5,1,1,7,New Donor,46.7
D01918,89,3,800400.0,5,2,5,12,New Donor,80.0
D01919,167,7,145977.0,4,5,5,14,Champion,93.3
D01920,69,5,303.2,5,4,1,10,Loyal Donor,66.7
D01921,283,3,603900.0,2,2,5,9,Lapsed,60.0
D01922,159,4,466200.0,4,3,5,12,Loyal Donor,80.0
D01923,187,5,2025.0,3,4,3,10,Loyal Donor,66.7
D01924,192,4,471.8,3,3,2,8,Loyal Donor,53.3
D01925,86,3,2092.2,5,2,3,10,New Donor,66.7
D01926,476,3,408.6,2,2,1,5,Lapsed,33.3
D01927,70,5,3522.3,5,4,3,12,Loyal Donor,80.0
D01928,546,3,48240.0,1,2,4,7,Lapsed,46.7
D01929,898,3,367.8,1,2,1,4,Lapsed,26.7
D01930,766,1,445.0,1,1,1,3,Lapsed,20.0
D01931,461,2,117600.0,2,1,5,8,Lapsed,53.3
D01932,96,3,95.9,4,2,1,7,New Donor,46.7
D01933,227,7,1360380.0,3,5,5,13,Loyal Donor,86.7
D01934,102,8,5412.0,4,5,4,13,Champion,86.7
D01935,34,6,1466.8,5,4,3,12,Loyal Donor,80.0
D01936,80,5,211400.0,5,4,5,14,Champion,93.3
D01937,315,3,160820.0,2,2,5,9,Lapsed,60.0
D01938,83,4,79800.0,5,3,4,12,Loyal Donor,80.0
D01939,60,10,2573.8,5,5,3,13,Loyal Donor,86.7
D01940,753,1,65.4,1,1,1,3,Lapsed,20.0
D01941,98,2,160.6,4,1,1,6,New Donor,40.0
D01942,196,4,147.9,3,3,1,7,Loyal Donor,46.7
D01943,764,5,192.6,1,4,1,6,At Risk,40.0
D01944,26,8,560560.0,5,5,5,15,Champion,100.0
D01945,134,6,1670.4,4,4,3,11,Loyal Donor,73.3
D01946,77,3,1423.3,5,2,3,10,New Donor,66.7
D01947,128,6,3490.95,4,4,3,11,Loyal Donor,73.3
D01948,175,8,522600.0,4,5,5,14,Champion,93.3
D01949,92,8,17480.0,5,5,4,14,Champion,93.3
D01950,680,3,4200.0,1,2,4,7,Lapsed,46.7
D01951,469,1,81.0,2,1,1,4,Lapsed,26.7
D01952,30,4,753.3,5,3,2,10,Loyal Donor,66.7
D01953,942,1,17980.0,1,1,4,6,Lapsed,40.0
D01954,73,8,20720.0,5,5,4,14,Champion,93.3
D01955,1303,1,41.25,1,1,1,3,Lapsed,20.0
D01956,177,7,637.0,4,5,2,11,Loyal Donor,73.3
D01957,90,5,805.65,5,4,2,11,Loyal Donor,73.3
D01958,98,6,325.9,4,5,1,10,Loyal Donor,66.7
D01959,732,7,218080.0,1,5,5,11,At Risk,73.3
D01960,216,3,269.4,3,2,1,6,Promising,40.0
D01961,134,5,2274.0,4,4,3,11,Loyal Donor,73.3
D01962,276,5,440610.0,2,4,5,11,At Risk,73.3
D01963,88,6,6526.8,5,5,4,14,Champion,93.3
D01964,915,3,70.0,1,2,1,4,Lapsed,26.7
D01965,776,3,169.2,1,2,1,4,Lapsed,26.7
D01966,272,6,253260.0,2,5,5,12,At Risk,80.0
D01967,34,7,421290.0,5,5,5,15,Champion,100.0
D01968,520,4,489000.0,2,3,5,10,At Risk,66.7
D01969,451,4,217.6,2,3,1,6,At Risk,40.0
D01970,397,3,42525.0,2,2,4,8,Lapsed,53.3
D01971,228,4,603.45,3,3,2,8,Loyal Donor,53.3
D01972,409,4,134.55,2,3,1,6,At Risk,40.0
D01973,141,8,1772890.0,4,5,5,14,Champion,93.3
D01974,63,3,782.5,5,2,2,9,New Donor,60.0
D01975,126,7,699.15,4,5,2,11,Loyal Donor,73.3
D01976,462,4,450.0,2,3,1,6,At Risk,40.0
D01977,197,6,335.0,3,5,1,9,Loyal Donor,60.0
D01978,97,10,171666.0,4,5,5,14,Champion,93.3
D01979,80,5,770000.0,5,4,5,14,Champion,93.3
D01980,207,7,881.95,3,5,2,10,Loyal Donor,66.7
D01981,1341,4,848.4,1,3,2,6,At Risk,40.0
D01982,83,6,5062.5,5,5,4,14,Champion,93.3
D01983,112,6,29445.0,4,5,4,13,Champion,86.7
D01984,1149,2,236.7,1,1,1,3,Lapsed,20.0
D01985,525,4,2227.2,2,3,3,8,At Risk,53.3
D01986,845,5,219780.0,1,4,5,10,At Risk,66.7
D01987,306,2,136.85,2,1,1,4,Lapsed,26.7
D01988,700,3,5100.0,1,2,4,7,Lapsed,46.7
D01989,185,5,1021.8,3,4,2,9,Loyal Donor,60.0
D01990,715,3,4063.5,1,2,4,7,Lapsed,46.7
D01991,576,3,292.2,1,2,1,4,Lapsed,26.7
D01992,151,4,1370.05,4,3,3,10,Loyal Donor,66.7
D01993,202,4,495.0,3,3,2,8,Loyal Donor,53.3
D01994,479,4,18300.0,2,3,4,9,At Risk,60.0
D01995,207,6,4412.1,3,5,4,12,Loyal Donor,80.0
D01996,111,6,594.0,4,5,2,11,Loyal Donor,73.3
D01997,93,3,2167.2,5,2,3,10,New Donor,66.7
D01998,1139,3,699.4,1,2,2,5,Lapsed,33.3
D01999,479,3,620.4,2,2,2,6,Lapsed,40.0
D02000,264,5,796.5,2,4,2,8,At Risk,53.3
